project,capacity,river,province_name,district_name,gapanapa_name,license_type,promoter,lic_number,longitude,latitude
Upper Tamakoshi HPP,456.0,Tama Koshi,3,DOLAKHA,Bigu,Generation,Upper Tamakoshi Hydropower Limited,41,86.21666667,27.88055556
Kali Gandaki-Kowan,400.0,Kali Gandaki,4,MUSTANG,Thasang,Generation,Ambeswor Engineering Hydropower Pvt. Ltd,167,83.62791667,28.65208333
Upper Tamor,285.0,Tamor,1,TAPLEJUNG,Phaktanglung,Generation,Tamor Sanima Energy P. Ltd,234,87.74763889,27.46722222
Upper Trishuli-1,216.0,Trishuli,3,RASUWA,Parbati Kunda,Generation,Nepal Water & Energy Development Co. P. Ltd,209,85.25597222,28.10125
Lapche Khola,160.0,Lapche,3,DOLAKHA,Bigu,Generation,Nasa Hydropower Company P Ltd,212,86.19138889,28.01513889
Tanahu HEP,140.0,Seti Khola,4,TANAHU,Ghiring,Generation,Tanahu Hydropower Limited,157,84.17916667,27.95833333
Rasuwa Bhotekoshi,120.0,Bhote koshi,3,RASUWA,Gosaikunda,Generation,Langtang Bhotekosi Hydropower Company Pvt. Ltd,223,85.35416667,28.20472222
Rasuwagadhi,111.0,Bhote koshi,3,RASUWA,Gosaikunda,Generation,Rasuwagadhi H P,75,85.37013889,28.25111111
Madhya Bhotekoshi,102.0,Bhote koshi,3,SINDHUPALCHOK,Bhotekoshi,Generation,Madhya Bhotekoshi Jalbidyut Company Ltd.,108,85.88777778,27.85111111
Super Trishuli,100.0,Trishuli,4,GORKHA,Sahid Lakhan,Generation,Blue Energy Pvt. Ltd,218,84.62583333,27.84680556
Tamakoshi V,87.0,Tama Koshi,3,DOLAKHA,Gaurishankar,Generation,Tamakoshi hydropower Company Ltd.,193,86.20833333,27.79027778
Solu Khola (Dudha Koshi),86.0,Solu Khola,1,SOLUKHUMBU,Dudhkoshi,Generation,Sahas Urja Limited,126,86.65694444,27.39277778
Lower Solu Hydropower Project,82.0,Solu Khola,1,SOLUKHUMBU,Dudhkoshi,Generation,Essel Clean Solu Hydropower Pvt Ltd,118,86.60069444,27.42916667
Sanjen Khola,78.0,Sanjen,3,RASUWA,Parbati Kunda,Generation,Sala Sungi P Ltd,160,85.27791667,28.26347222
Likhu -1,77.0,Likhu Khola,1,SOLUKHUMBU,Likhupike,Generation,Pan Himay Energy Pvt. Ltd,145,86.45,27.63819444
Trishuli Galchhi,75.0,Trishuli,3,NUWAKOT,Meghang,Generation,Siddhakali Power Pvt.Ltd,174,85.02291667,27.82777778
Kaligandaki Upper,65.0,Kali Gandaki,4,MYAGDI,Annapurna,Generation,Tradelink Global P. Ltd,220,83.59333333,28.40472222
Upper Trishuli 3A,60.0,Trishuli,3,RASUWA,Kalika,Generation,Nepal Electricity Authority,43,85.19916667,28.04652778
Likhu -2,55.0,Likhu Khola,1,SOLUKHUMBU,Likhupike,Generation,Global Hydropower Associate Pvt. Ltd,146,86.40597222,27.58736111
Middle Tamor,54.0,Tamor,1,TAPLEJUNG,Phaktanglung,Generation,Sanima Middle Tamor Hydropower Ltd,198,87.68902778,27.40666667
Likhu-4,52.4,Likhu Khola,3,RAMECHHAP,Gokulganga,Generation,Green Ventures Pvt. Ltd,59,86.29166667,27.45819444
Upper Lapche Khola,52.0,Lapche,3,DOLAKHA,Bigu,Generation,Energy Venture Pvt. Ltd.,182,86.17069444,28.08263889
Likhu Khola 'A',51.0,Likhu Khola,1,SOLUKHUMBU,Likhupike,Generation,Numbur Himalaya Hydropower Pvt. Ltd,148,86.37152778,27.54458333
Marsyangdi Besi,50.0,Marsyangdi,4,LAMJUNG,Besishahar,Generation,Divyajyoti Hydropower Pvt. Ltd.,206,84.38263889,28.23333333
Mewa Khola Hydropower project,50.0,Mewa Khola,1,TAPLEJUNG,Phungling,Generation,United Mewa Khola Hydropower Pvt Ltd,201,87.61597222,27.425
Super Dordi Kha Hydropower Project,49.6,Dordi,4,LAMJUNG,Dordi,Generation,Peoples Hydropower Company Pvt.Ltd.,115,84.54305556,28.29208333
Khimti II,48.8,Khimti Khola,3,DOLAKHA,Tamakoshi,Generation,Peoples Hydro sahakari Sastha Limited,179,86.19861111,27.56944444
Kasuwa Khola HPP,45.0,Kasuwa,1,SANKHUWASABHA,Makalu,Generation,Kasuwa Hydropower Ltd,213,87.28277778,27.60555556
Super Madi,44.0,Madi Khola,4,KASKI,Madi,Generation,Himal Hydro and General Construction Ltd.,192,84.11097222,28.33902778
Upper Nyasim Khola,43.0,Nyasem Khola,3,SINDHUPALCHOK,Bhotekoshi,Generation,Sindhujwala Hydropower P. Ltd,176,85.82777778,28.00555556
Ankhu Khola,42.9,Ankhu Khola,3,NUWAKOT,Kispang,Generation,Ankhu Hydropower Pvt. Ltd,184,84.99916667,28.09166667
Sanjen,42.5,Sanjen,3,RASUWA,Gosaikunda,Generation,Sanjen Jalvidyut Co.,55,85.28958333,28.2
Mristi Khola,42.0,Mristi,4,MYAGDI,Annapurna,Generation,Robust Energy Ltd.,53,83.66555556,28.51902778
Upper Modi A,42.0,Modi Khola,4,KASKI,Machhapuchchhre,Generation,Nepal Electricity Authority,135,83.80736111,28.3675
Super Nyadi Hydropower Project,40.27,Nyadi,4,LAMJUNG,Dordi,Generation,Siuri Nyadi Power Pvt. Ltd,204,84.47708333,28.37944444
Khani Khola - 1,40.0,Khani Khola,3,DOLAKHA,Gaurishankar,Generation,"Green Life Energy Pvt.Ltd,Sirin Bhawan, Lalitpur-1, Kupakdole",46,86.35,27.81888889
Rahughat,40.0,Rahughat,4,MYAGDI,Raghuganga,Generation,Nepal Electricity Authority,49,83.54833333,28.40083333
Upper Kalangad,38.46,Kalanga Gad,7,BAJHANG,Bungal,Generation,Sani Gad Hydro pvt. Ltd,152,80.91527778,29.60930556
Nilgiri Khola,38.0,Nilgiri,4,MUSTANG,Thasang,Generation,Nilgiri Khola Hydropower Company Pvt. Ltd.,202,83.69166667,28.58847222
Kabeli-A,37.6,Kabeli Khola,1,TAPLEJUNG,Sirijangha,Generation,Kabeli Energy Limited,70,87.72291667,27.26013889
Rahughat Mangale,37.0,Rahughat,4,MYAGDI,Raghuganga,Generation,Tundi Power Company P.Ltd.,175,83.51277778,28.50277778
Upper Trishuli 3B,37.0,Trishuli,3,RASUWA,Uttargaya,Generation,Nepal Electricity Authority,104,85.185,28.00458333
Upper Balephi A,36.0,Balephi,3,SINDHUPALCHOK,Jugal,Generation,Balephi Hydropower Ltd.,163,85.77638889,27.92291667
Khani Khola (Dolakha),30.0,Khani Khola,3,DOLAKHA,Gaurishankar,Generation,Sasha Engineering Hydropower P. Ltd,92,86.30694444,27.80111111
Nyadi Khola,30.0,Nyadi,4,LAMJUNG,Marsyangdi,Generation,Nyadi Hydropower Limited,83,84.44513889,28.33708333
Lower Likhu,28.1,Likhu Khola,3,RAMECHHAP,Umakunda,Generation,Swaita Ganga Hydropower and Construction Pvt. Ltd.,154,86.24097222,27.40513889
Dordi Khola,27.0,Dordi,4,LAMJUNG,Sundarbazar,Generation,Himalaya Power Partner Pvt. Ltd,48,84.45416667,28.19611111
Upper Khudi,26.0,Khudi,4,LAMJUNG,Marsyangdi,Generation,Super Khudi Hydropower Co.Pvt. Ltd.,232,84.32722222,28.335
Durbang Myagdi Khola,25.0,Myagdi Khola,4,MYAGDI,Mangala,Generation,Dhaulagiri Kalika Hydropower P Ltd,130,83.40694444,28.41458333
Kabeli B - 1,25.0,Kabeli Khola,1,TAPLEJUNG,Yangwarak,Generation,Arun Kabeli Power Limited.,98,87.80972222,27.28
Singati Khola hydropower project,25.0,Singati,3,DOLAKHA,Kalinchok,Generation,Singati Hydro Energy Pvt. Ltd.,150,86.14166667,27.76069444
Upper Dordi A HEP,25.0,Dordi,4,LAMJUNG,Dudhpokhari,Generation,Liberty Energy Hydropower Pvt. Ltd.,121,84.50625,28.26111111
Khare Hydropower Project,24.1,Khare,3,DOLAKHA,Gaurishankar,Generation,Constorium Power Developers Pvt Ltd,122,86.26666667,27.78
Balephi,23.52,Balephi,3,SINDHUPALCHOK,Jugal,Generation,Balephi Jalbidhut Company Ltd,191,85.75833333,27.87833333
Solu Hydropower Project,23.5,Solu Khola,1,SOLUKHUMBU,Solududhakunda,Generation,Upper Solu Hydroelectric Company Pvt Ltd,117,86.57583333,27.4625
Upper Chaku A,22.2,Chaku,3,SINDHUPALCHOK,Bhotekoshi,Generation,Shiva Sri Hydropower Pvt. Ltd,58,85.95083333,27.86694444
Bagmati Nadi,22.0,Bagmati,3,LALITPUR,Konjyosom,Generation,Mandu Hydropower Pvt. Ltd.,125,85.24208333,27.52375
Lower Hewa,21.6,Hewa Khola,1,PANCHTHAR,Phidim,Generation,Mountain Hydro Nepal (P.) Ltd,99,87.75638889,27.16
Lower Modi Khola,20.0,Modi Khola,4,PARBAT,Modi,Generation,Modi Energy Pvt . Ltd,38,83.72680556,28.25361111
Upper Myagdi,20.0,Myagdi Khola,4,MYAGDI,Raghuganga,Generation,Hydro Empire P Ltd,119,83.37638889,28.53777778
Upper Solu Khola HPP,18.0,Solu Khola,1,SOLUKHUMBU,Solududhakunda,Generation,Beni Hydropower Project,169,86.58138889,27.535
Liping Khola,16.26,Liping,3,SINDHUPALCHOK,Bhotekoshi,Generation,Him River Power Pvt. Ltd,164,85.95194444,27.97930556
Ruru Banchu - 1,16.0,Rurubanchu Khola,6,JUMLA,Tila,Generation,Mount Nilgiri Hydropower Company Pvt Ltd,147,81.78319444,29.10125
Irkhuwa Khola-B HPP,15.524,Irkhuwa Khola,1,SANKHUWASABHA,Chichila,Generation,Barah Multi Power Pvt Ltd,222,87.08166667,27.40875
Kalanga,15.33,Kalanga Gad,7,BAJHANG,Bungal,Generation,Kalanga Hydropower P Ltd,151,80.87916667,29.54069444
Middle Modi,15.1,Modi Khola,4,KASKI,Annapurna,Generation,Middle Modi Hydropower Limited,93,83.76777778,28.29847222
Sabha Khola-B HPP,15.1,Sabha Khola,1,TAPLEJUNG,Meringden,Generation,Arbit Energy P Ltd,187,87.35333333,27.42972222
Maya Khola Hydropower Project,14.9,Maya,1,SANKHUWASABHA,Chainpur,Generation,Maya Khola Hydropower Company pvt Ltd,123,87.34152778,27.24513889
Upper Sanjen,14.8,Sanjen,3,RASUWA,Gosaikunda,Generation,Sanjen Jalvidhyut Co,69,85.28958333,28.22847222
Phalakhu Khola HPP,14.7,Phalankhu Khola,3,RASUWA,Naukunda,Generation,Betrawati Hydroelectric Co. Ltd,162,85.29305556,28.02013889
Upper Mailun Khola,14.3,Mailung Khola,3,DHADING,Rubi Valley,Generation,Upper Mailung Khola Hydropower Limited.,79,85.2,28.11611111
Lower Irkhuwa Khola,14.15,Irkhuwa Khola,1,SANKHUWASABHA,Chichila,Generation,Lower Irkhuwa HP Co PL,219,87.11402778,27.41555556
Kule Khani Third,14.0,Kulekhani,3,MAKAWANPUR,Bhimphedi,Generation,Nepal Electricity Authority,24,85.04166667,27.4875
Upper Modi HPP cascade project,14.0,Modi Khola,4,KASKI,Annapurna,Generation,Nepal Electricity Authority,226,83.78486111,28.32736111
Namarjun Madi,12.0,Madi Khola,4,KASKI,Madi,Generation,Himalayan Hydropower Pvt.Ltd,78,84.09277778,28.30777778
Ruru Banchu Khola- 2,12.0,Rurubanchu Khola,6,KALIKOT,Tilagufa,Generation,Ruru hydroelectric Co Pvt. Ltd,178,81.75402778,29.10388889
Upper Khimti,12.0,Khimti Khola,3,DOLAKHA,Jiri,Generation,Himalaya Urja Bikas Co. Pvt. Ltd.,77,86.34166667,27.6775
Lower Khare,11.0,Khare,3,DOLAKHA,Gaurishankar,Generation,Universal Power Company P. Ltd,64,86.21208333,27.75597222
Upper Tadi,11.0,Tadi Khola,3,NUWAKOT,Langtang National Park,Generation,Surya Kund Hydro Electric Pvt. Ltd.,144,85.43347222,27.97152778
Sanigad,10.7,Sani Gad,7,BAJHANG,Bungal,Generation,Sanigad Hydro P Ltd,153,80.84375,29.63263889
Balephi A,10.6,Balephi,3,SINDHUPALCHOK,Jugal,Generation,Moonlight Hydropower Company Pvt. Ltd.,132,85.76263889,27.85416667
Lower Modi-II Cascade HPP,10.5,Modi Khola,4,PARBAT,Kushma,Generation,United Modi Hydropower Pvt Ltd,195,83.68791667,28.21027778
Dordi-1,10.3,Dordi,4,LAMJUNG,Dordi,Generation,Dordi Khola Jalvidyut Company Limited,82,84.46388889,28.23944444
Daraundi-1,10.0,Daraundi,4,GORKHA,Aarughat,Generation,Diamond Hydropower Pvt. Ltd,158,84.65722222,28.07763889
Langtang Khola Small Hydropower Project,10.0,Langtang,3,RASUWA,Gosaikunda,Generation,Multi Energy Development Pvt. Ltd.,142,85.35680556,28.1575
Madi-Bhorletar,10.0,Madi Khola,4,LAMJUNG,Besishahar,Generation,Kalash Hydropower P. Ltd,171,84.2225,28.14875
Makari gad,10.0,Makari gad,7,DARCHULA,Apihimal,Generation,Makarigad Hydropower Pvt. Ltd,170,80.85875,29.79125
Siddhi Khola,10.0,Siddhi Khola,1,ILAM,Suryodaya,Generation,Lumbini Builders P. Ltd,143,88.14861111,26.83638889
Iwa Khola,9.9,Iwa Khola,1,TAPLEJUNG,Sirijangha,Generation,Rairang Hydropower Development Co Ltd,139,87.84986111,27.28194444
Super Mai-A HPP,9.6,Mai Khola,1,ILAM,Maijogmai,Generation,Sagarmatha Jalbidhyut Company P.Ltd.,224,87.96694444,26.98430556
Mai Beni HPP,9.51,Mai Khola,1,ILAM,Suryodaya,Generation,Samling Power company Pvt.Ltd,228,87.95111111,26.90694444
Down Piluwa,9.5,Piluwa Khola,1,SANKHUWASABHA,Panchakhapan,Generation,River Falls Hydropower Development P. Ltd.,113,87.28472222,27.24583333
Rudi A,8.8,Rudi Khola,4,KASKI,Madi,Generation,Bindhabasini Hydropower Developmwnt Company Pvt.Ltd,109,84.2,28.25416667
ChulepuKhola Hydropower Project,8.52,"Chulepu,Dhunde Khola",3,RAMECHHAP,Umakunda,Generation,Chandeswari Mahadev Khola Micro Hydro Com.P.Ltd.,155,86.28069444,27.50527778
Upper Hewa HPP,8.5,Hewa Khola,1,TAPLEJUNG,Maiwakhola,Generation,Upper Hewa Khola Hydropower Company Pvt Ltd,133,87.36041667,27.33736111
Ghar Khola,8.3,Ghar,4,MYAGDI,Annapurna,Generation,Myagdi Hydropower Pvt. Ltd.,137,83.65277778,28.46736111
Sabha Khola A,8.3,Sabha Khola,1,SANKHUWASABHA,Chichila,Generation,Deepsabha Hydropower Pvt. Ltd.,128,87.25833333,27.37416667
Taksar Pikhuwa,8.0,Pikhuwa,1,BHOJPUR,Pauwadungma,Generation,Taksar Pikhuwa Khola Hydropower Pvt. Ltd.,159,87.04930556,27.13027778
Upper Naugad Gad Hydropower Project,8.0,Naugad,7,DARCHULA,Naugad,Generation,Api Power Company Ltd.,177,80.63527778,29.73097222
Super Mai Hydropower Project,7.8,Mai Khola,1,ILAM,Maijogmai,Generation,Supermai Hydropower Pvt.Ltd.,188,87.95236111,26.95375
Upper Khorunga HPP,7.5,Khoranga Khola,1,TERHATHUM,Phedap,Generation,Terhathum Power Company Pvt. Ltd.,168,87.53194444,27.21152778
Daram Khola HEP,7.3,Daram,5,GULMI,Musikot,Generation,Daram Khola Hydro Energy Limited,183,83.33930556,28.19583333
Yambaling Khola,7.271,Yambling,3,SINDHUPALCHOK,Jugal,Generation,Yamling Hydropower Pvt Ltd,172,85.81180556,27.94666667
Sapsup Khola Small Hydro Electric Project,7.151,Sapsup Khola,1,KHOTANG,Rupakot Majhuwagadhi,Generation,Three Star Hydro Power Pvt.Ltd.,211,86.74763889,27.12569444
Suri Khola,7.0,Suri,3,DOLAKHA,Gaurishankar,Generation,Suri Khola Hydropower Pvt Ltd,134,86.23333333,27.745
Upper Khimti II,7.0,Khimti Khola,3,DOLAKHA,Jiri,Generation,Himalaya Urja Bikash Company Limited,131,86.31944444,27.65208333
Upper Mardi Hydropower Project,7.0,Mardi,4,KASKI,Machhapuchchhre,Generation,United Idimardi and R.B. Hydropower Pvt Ltd,181,83.88791667,28.38694444
Badigad HPP,6.6,Badigad,4,BAGLUNG,Dhorpatan,Generation,Water and Energy Nepal Pvt Ltd,129,83.17291667,28.32875
Rudi Khola-B Hydropower Project,6.6,Rudi Khola,4,KASKI,Madi,Generation,Bindhyabasini Hydropower Development Co. Pvt Ltd,199,84.2,28.28736111
Rawa Khola HPP,6.5,Rawa Khola,1,SOLUKHUMBU,Dudhkaushika,Generation,Dudhkoshi Power Company Pvt Ltd,112,86.74805556,27.30583333
Upper Mailung -A,6.42,Mailung Khola,3,DHADING,Rubi Valley,Generation,Energy Engineering Pvt. Ltd,56,85.20833333,28.18541667
Buku Khola,6.0,Buku,3,RAMECHHAP,Umakunda,Generation,Apolo Hydropower Pvt.Ltd,216,86.36236111,27.51972222
Nyam Nyam,6.0,Nyam Nyam Khola,3,RASUWA,Uttargaya,Generation,Nyam Nyam HydroPower Company Pvt.Ltd.,217,85.19791667,28.07847222
Rele Khola,6.0,Rele Khola,4,MYAGDI,Annapurna,Generation,Hym Consult,221,83.68930556,28.52
Upper Chauri Khola,6.0,Chauri,3,KABHREPALANCHOK,Chaurideurali,Generation,Himalayan Water Resources & Energy Development Co. P. Ltd,194,85.84916667,27.58513889
Lower Khorunga,5.5,Khoranga Khola,1,TERHATHUM,Phedap,Generation,IDS Energy Pvt. Ltd,165,87.55861111,27.14041667
Junbeshi,5.2,Junbeshi,1,SOLUKHUMBU,Solududhakunda,Generation,Dobhan Hydropower Pvt.Ltd.,80,86.55958333,27.56986111
Buku-Kapati Hydropower Project,5.0,Buku,1,SOLUKHUMBU,Solududhakunda,Generation,Him Star Urja Company Pvt. Ltd.,203,86.38944444,27.51111111
Chauri Khola,5.0,Chauri,3,DOLAKHA,Bhimeshwor,Generation,Chauri Hydropower P Ltd,156,85.87652778,27.60763889
Ghalemdi Khola,5.0,Ghalemdi,4,MYAGDI,Annapurna,Generation,Ghalemdi Hydro Limited,110,83.6875,28.53333333
Ghatte Khola,5.0,Ghatte Khola,3,DOLAKHA,Gaurishankar,Generation,Mankamana Engineering HP,138,86.29652778,27.78041667
Hewa A Small HEP,5.0,Hewa Khola,1,PANCHTHAR,Yangwarak,Generation,Habitat Power Company Pvt. Ltd,235,87.86875,27.18583333
Lankhuwa Khola,5.0,Lankhuwa,1,SANKHUWASABHA,Chichila,Generation,Sabhapokhri Hydropower Pvt Ltd,200,87.29583333,27.43541667
Phalakhu Khola HPP,5.0,Phalankhu Khola,3,RASUWA,Naukunda,Generation,Rasuwa Hydropower Company Pvt Ltd,161,85.26194444,27.98597222
Pikhuwa Khola,5.0,Pikhuwa,1,BHOJPUR,Bhojpur,Generation,Eastern Hydropower P Ltd,45,87.02277778,27.15986111
Richet Khola SHP,5.0,Richet,3,DHADING,Rubi Valley,Generation,Richet Jalbidhyut Company Pvt. Ltd.,214,84.92347222,28.17569444
Rukum gad,5.0,Rukum Gad,5,RUKUM_E,Putha Uttarganga,Generation,Rapti Hydro and General Construction Pvt. Ltd.,136,82.63763889,28.60361111
Tadi Khola,5.0,Tadi Khola,3,SINDHUPALCHOK,Helambu,Generation,Hiraratna hydropower Pvt. Ltd,51,85.39138889,27.94638889
Lower Tadi,4.993,Tadi Khola,3,NUWAKOT,Tadi,Generation,Buddha Bhumi Nepal Hydropower Co. Pvt. ltd.,88,85.36638889,27.92291667
Taman Khola,4.85,Taman,4,BAGLUNG,Dhorpatan,Generation,Taman Khola Hydro Pvt. Ltd.,227,83.17541667,28.34402778
Khorunga Khola,4.8,Khoranga Khola,1,TERHATHUM,Menchayam,Generation,Reliable Hydropower Company. P. Ltd,87,87.54486111,27.17097222
Padam Khola SHP,4.8,Padam Khola,6,DAILEKH,Naumule,Generation,Dolti Power Company P. Ltd,207,81.83902778,28.90861111
Upper Piluwa Khola-2 SHP,4.72,Piluwa Khola,1,SANKHUWASABHA,Panchakhapan,Generation,"Menchhiyam Hydropower P Ltd. Itahari,Sunsari,9841521159",149,87.39708333,27.29736111
Upper Chirkuwa Khola,4.7,Chirkhuwa,1,SANKHUWASABHA,Khandbari,Generation,Chirkhuwa Hydropower Company Pvt td,185,87.09444444,27.36569444
Bijaypur Khola-2 HPP,4.5,Bijaypur,4,KASKI,Pokhara Lekhnath,Generation,Civil hydropower company,166,84.03833333,28.16486111
Middle Daram Khola-B HPP,4.5,Daram,4,BAGLUNG,Kanthekhola,Generation,Dhaulagiri CEM Engineering Pvt. Ltd.,231,83.42388889,28.24986111
Lohare Khola,4.2,Lohore Khola,6,KALIKOT,Mahawai,Generation,"Lohare Khola Hydropower Co. P. L.,",105,81.80527778,28.90597222
Lower Chirkhuwa,4.06,Chirkhuwa,1,SANKHUWASABHA,Khandbari,Generation,Chirkhuwa Hydropowerr Pvt. Ltd.,196,87.12527778,27.37930556
Rupse Khola,4.0,Rupse Khola,4,MYAGDI,Annapurna,Generation,Research & Development Group,120,83.62402778,28.55138889
Upper Chhyandi Small HPP,4.0,Chhyangdi,4,LAMJUNG,Dordi,Generation,Chhyandi Hysropower LTD,233,84.48819444,28.28208333
Seti Khola HPP,3.5,Seti Khola,4,PARBAT,Mahashila,Generation,Parbat Paiyu Khola Hydropower Company,205,83.61875,28.0225
Middle Sunkoshi,3.4,Sun Koshi,3,SINDHUPALCHOK,Bhotekoshi,Generation,Lama Hydropower Pvt. Ltd.,189,85.94861111,27.78458333
Kapadigad,3.3,Kapadigad,7,KAILALI,Chure,Generation,Salmanidevi Hydropower Pvt Ltd,111,80.76736111,29.01041667
Gelun Khola HPP,3.2,Gelun,3,SINDHUPALCHOK,Barhabise,Generation,Gelun Khola Hydropower Company Pvt Ltd,93,85.79791667,27.83472222
Middle Midim,3.1,Midim Khola,4,LAMJUNG,Besishahar,Generation,Madhya Midim Jalvidhyut Company Pvt. Ltd.,100,84.27402778,28.22027778
Middle Daram Khola-A HPP,3.0,Daram,4,MYAGDI,Mangala,Generation,Dhaulagiri Cem Engineering Pvt Ltd,230,83.42388889,28.27194444
Rawa Khola,3.0,Rawa Khola,1,BHOJPUR,Salpasilichho,Generation,Rawa Energy Development Pvt Ltd,186,86.85152778,27.35041667
Sano Milti Khola SHP,3.0,Milti,3,DOLAKHA,Melung,Generation,Sano Milti Khola Hydropower P.Ltd.,173,86.06111111,27.49902778
Sisa Khola A Hydropower Project,2.8,Sisa,1,SOLUKHUMBU,Dudhkaushika,Generation,Upper Solu Hydroelectric Company Pvt Ltd,180,86.56625,27.44166667
Salankhu Khola,2.5,Salankhu,3,RASUWA,Kalika,Generation,Salankhu Khola Hydropower P. Ltd.,107,85.14583333,27.9875
Saptang Khola HPP,2.5,Saptang,3,NUWAKOT,Kispang,Generation,Saptang Hydropower Pvt Ltd,215,85.10319444,28.00819444
Tanchhahara SHP,2.4,Tangchhahara,4,MUSTANG,Thasang,Generation,Tanchhar Hydro Pvt. Ltd.,141,83.59152778,28.67569444
Upper Syange Khola SHP,2.4,Syange,4,LAMJUNG,Marsyangdi,Generation,Upper Syange Hydropower Pvt. Ltd.,197,84.38916667,28.38916667
Parajuli Khola-1,2.15,Parajuli Khola,6,DAILEKH,Dungeshwor,Generation,Rara Hydropower Development Co.,102,81.7075,28.70736111
Jumdi Khola Small,1.75,Jumdi,5,GULMI,Kaligandaki,Generation,"Jumdi Hydropower Pvt. Ltd.,",52,83.45222222,28.03458333
Middle Tara Khola SHP,1.7,Tara Khola,4,MYAGDI,Beni,Generation,Pahadi Hydropower Company Pvt. Ltd.,190,83.39361111,28.32430556
Upper Gaddi Gad,1.55,Gaddi Gad,7,DOTI,Khaptad National Park,Generation,Shaileshwari Power Nepal,225,81.07013889,29.28388889
Istul Khola HPP,1.506,Istul,4,GORKHA,Sulikot,Generation,Amar Jyoti Hydropower Pvt Ltd,210,84.75833333,28.08486111
Theule Khola HPP,1.5,Theule,4,PARBAT,Kushma,Generation,Barahi Hydropower Pvt Ltd,140,83.62722222,28.17916667
Lower Selang Khola,1.475,Selang,3,SINDHUPALCHOK,Jugal,Generation,Sewa Hydrolink Company,208,85.74194444,27.85944444
Nwa Gad,1.0,Nwa Gad,7,DARCHULA,Marma,Generation,Jal Urja Pvt. ltd,0,80.81041667,29.73944444
Saiti Khola Small,0.999,Saiti,4,KASKI,Annapurna,Generation,Saiti Power Company Pvt. Ltd,0,83.89486111,28.36736111
Lower Chhote Khola Small HPP,0.997,Chhote,4,GORKHA,Aarughat,Generation,Pashupati Environmental Power Company Pvt. Ltd.,0,84.88541667,28.17236111
Dhansi Khola Mini,0.996,Dhansi,5,ROLPA,Rolpa,Generation,M/S Teleye Samyak Hydropower Co. Pvt. Ltd. ( Anand Pradhan),0,82.64486111,28.32
Jeuli Gad,0.996,Jeuli and Bauli,7,BAJHANG,Talkot,Generation,Rangunkhola Hydropower Pvt.Ltd.,0,81.15527778,29.59375
Lower Midim Khola SHP,0.996,Midim Khola,4,LAMJUNG,Sundarbazar,Generation,Tallo Midim Jalbidhyut Company Pvt. Ltd.,0,84.27138889,28.17402778
Upper Belkhu Small HPP,0.996,Belkhu,3,DHADING,Galchi,Generation,Dariyal Small Hydropower Co. P Ltd.,0,84.95083333,27.73486111
Upper Jumdi Khola,0.995,Jumdi,4,BAGLUNG,Bareng,Generation,Rishikesh Hydropower Pvt. Ltd.,0,83.45875,28.05208333
Tinekhu Khola SHP,0.99,Tinekhu,3,DOLAKHA,Gaurishankar,Generation,Hydro Innovations Pvt. Ltd.,0,86.19666667,27.74291667
Upper Khadam SHP,0.99,Khadam,1,DHANKUTA,Chaubise,Generation,Abiral Hydropower Company Pvt. Ltd.,0,87.4375,26.83944444
Gulandi Khola SHP,0.98,Gulandi,4,BAGLUNG,Jaimuni,Generation,Jhilimili Hydropower Company Pvt. Ltd.,0,83.55361111,28.06708333
Idi Khola SHP,0.975,Idi Khola,4,KASKI,Madi,Generation,Idi Hydropower Co.P. Ltd.,0,84.11638889,28.23263889
Gohare (Ichowk) SHP,0.95,Gohora,3,SINDHUPALCHOK,Panchpokhari Thangpal,Generation,Ichowk Hydropower Pvt. Ltd.,0,85.50763889,27.94333333
Ludee Khola SHP,0.75,Ludi,4,GORKHA,Sulikot,Generation,Ludi Hydropower Development Company Pvt Ltd,0,84.60222222,27.95319444
Dhunge - Jiri,0.6,Dhunge Khola,3,DOLAKHA,Gaurishankar,Generation,Dronachal Hydropower Company Pvt. Ltd.,0,86.23055556,27.63652778
Salleri Chialsa,0.6,Solu Khola,1,SOLUKHUMBU,Solududhakunda,Generation,Salleri Chialsa Electricity Company Limited,0,86.57638889,27.48361111
Khatyat Khola SHP,0.5,Khatyat,6,MUGU,Khatyad,Generation,"Shrijanshil Krishi Sahakari Sanstha Ltd,",0,81.85625,29.51111111
Tara Khola Community (Mini) Hydropower Project,0.38,Tara Khola,4,MYAGDI,Malika,Generation,Tara Khola Community Small Hydropower Consumer Committee,0,83.37777778,28.33402778
Simrutu Khola,0.2,Simruth,6,RUKUM_W,Musikot,Generation,Simrutu Khola Jal Upvokta Samiti,0,82.44166667,28.58027778
Midim Khola Micro Hydro,0.1,Midim Khola,4,LAMJUNG,Sundarbazar,Generation,Deurali Bahu-uddesyiaya Sahakari Sanstha Limited,0,84.24152778,28.16347222
Kali Gandaki A,144.0,Kali Gandaki,5,PALPA,Tansen,Operation,Nepal Electricity Authority,4,83.52944444,27.96555556
Madhya Marsyangdi,70.0,Marsyangdi,4,LAMJUNG,Besishahar,Operation,Nepal Electricity Authority,8,84.42625,28.16805556
Marsyangdi,69.0,Marsyangdi,4,GORKHA,Gorkha,Operation,Nepal Electricity Authority,1_gtd,84.48638889,27.91083333
Khimti -I,60.0,Khimti Khola,3,DOLAKHA,Tamakoshi,Operation,Himal Power Limited,1,86.17555556,27.51319444
Kulekhani-I,60.0,Kulekhani,3,MAKAWANPUR,Indrasarowar,Operation,Nepal Electricity Authority,1_gtd,85.15986111,27.5825
Upper Marsyangdi A,50.0,Marsyangdi,4,LAMJUNG,Dordi,Operation,Sinohydro-Sagarmatha Power Company Pvt Ltd,60,84.38402778,28.30486111
Upper Bhotekoshi,45.0,Bhote Koshi,3,SINDHUPALCHOK,Bhotekoshi,Operation,Bhotekoshi Power Company,5,85.93444444,27.92805556
Kulekhani-II,32.0,Kulekhani,3,MAKAWANPUR,Bhimphedi,Operation,Nepal Electricity Authority,1_gtd,85.09069444,27.51833333
Chameliya Khola,30.0,Chameliya Khola,7,DARCHULA,Shailyashikhar,Operation,Nepal Electricity Authority,20,80.69166667,29.70833333
Upper Madi,25.0,Madi Khola,4,KASKI,Madi,Operation,"Madi Power Pvt Ltd.,",35,84.0875,28.27958333
Trishuli,24.0,Trishuli,3,NUWAKOT,Suryagadhi,Operation,Nepal Electricity Authority,1_gtd,85.16611111,27.94638889
Chilime,22.0,Chilime,3,RASUWA,Gosaikunda,Operation,Chilime Hydropower Company Limited,6,85.31958333,28.16972222
Mai,22.0,Mai Khola,1,ILAM,Illam,Operation,Sanima Mai Hydropower Limited,37,87.89166667,26.81125
Gandak,15.0,Narayani,5,NAWALPARASI_W,Pratappur,Operation,Nepal Electricity Authority,1_gtd,83.86291667,27.44680556
Hewa Khola A,14.9,Hewa Khola,1,PANCHTHAR,Falelung,Operation,Panchthar Power Company Pvt. Ltd.,74,87.82055556,27.18083333
Modi Khola,14.8,Modi Khola,4,KASKI,Machhapuchchhre,Operation,Nepal Electricity Authority,3,83.74611111,28.27875
Devighat,14.1,Trishuli,3,NUWAKOT,Panchakanya,Operation,Nepal Electricity Authority,1_gtd,85.13888889,27.90222222
Madkyu Khola,13.0,Madkyu,4,KASKI,Madi,Operation,Silkes Hydropower Pvt.Ltd,116,84.13555556,28.36805556
Jhimruk Khola,12.5,Jhimruk,5,PYUTHAN,Mandavi,Operation,Butwal Power Company,3_gtd,82.80986111,28.07333333
Upper Mai Hydropower Project (Panchakanya Mai Hydropwer limi,12.0,Mai Khola,1,ILAM,Sandakpur,Operation,Mai Valley Hydropower P Ltd.,36,87.95416667,27.04055556
Thapa Khola,11.2,Thapa Khola,4,MUSTANG,Gharapjhong,Operation,Mount Kailash Energy Co. Pvt. Ltd,61,83.63,28.72527778
Sun Koshi,10.05,Sun Koshi,3,SINDHUPALCHOK,Sunkoshi,Operation,Nepal Electricity Authority,1_gtd,85.85555556,27.75833333
Sipring Khola,10.0,Sipring,3,DOLAKHA,Gaurishankar,Operation,Synergy Power Development P Ltd,27,86.24236111,27.81902778
Andhi Khola,9.4,Andhi Khola,4,SYANGJA,Bhirkot,Operation,Butwal Power Company,2_gtd,83.68097222,27.93833333
Nau Gad Khola,8.5,Naugad,7,DARCHULA,Shailyashikhar,Operation,Api Power Company Pvt. Ltd,65,80.60736111,29.70319444
Mai Cascade HPP,8.0,Mai Khola,1,ILAM,Maijogmai,Operation,Himal Dolkha Hydropower Company Pvt Ltd,101,87.92416667,26.86194444
Jogmai Khola,7.6,Jogmai Khola,1,ILAM,Maijogmai,Operation,Sanvi Energy Pvt. Ltd.,86,88.03736111,26.91722222
Indrawati -III,7.5,Indrawati Khola,3,SINDHUPALCHOK,Panchpokhari Thangpal,Operation,National Hydropower Company Pvt. Ltd.,7,85.605,27.87402778
Ankhu Khola - 1,7.0,Ankhu Khola,3,DHADING,Tripura Sundari,Operation,Ankhu Jalvidut Co. Pvt. Ltd,32,84.91597222,28.0125
Mai Cascade,7.0,Mai Khola,1,ILAM,Illam,Operation,Sanima Mai Hydropower Limited,72,87.87652778,26.77555556
Molun Khola SHP,7.0,Molun,1,OKHALDHUNGA,Siddhicharan,Operation,Molun Hydropower Co. Pvt. Ltd,127,86.43347222,27.34444444
Puwa,6.2,Puwa,1,ILAM,Illam,Operation,Nepal Electricity Authority,2,87.91611111,26.89416667
Upper Mai -C,6.1,Mai Khola,1,ILAM,Maijogmai,Operation,"Mai Valley Hydropower P.L.,",95,87.96472222,27.01125
Daraundi A,6.0,Daraundi,4,GORKHA,Sulikot,Operation,Daraundi Kalika Hydro,62,84.67722222,28.1225
Mailung Khola,5.0,Mailung Khola,3,RASUWA,Gosaikunda,Operation,Mailun Khola Hydropower Company Pvt. Ltd,13,85.20458333,28.07541667
Phawa khola Hydropower Project,5.0,Phawa Khola,1,TAPLEJUNG,Sirijangha,Operation,Shiwani Hydropower Company,39,87.76513889,27.29722222
Siuri Khola,5.0,Siuri,4,LAMJUNG,Marsyangdi,Operation,Nyadi Group Pvt Ltd,31,84.47555556,28.345
Tadi Khola (thaprek),5.0,Tadi Khola,3,NUWAKOT,Panchakanya,Operation,Aadi Shakti Bidhut Bikash Co. P. Ltd,54,85.33652778,27.92444444
Upper Hugdi,5.0,Hugdi,5,GULMI,Satyawati,Operation,Ruru Jalbidyut Pariyojana Pvt. Ltd,67,83.40472222,28.09333333
Mardi Khola,4.8,Mardi,4,KASKI,Machhapuchchhre,Operation,Gandaki Hydropower Development Co. P. Ltd,21,83.88680556,28.345
Bijayapur-1,4.5,Bijayapur,4,KASKI,Madi,Operation,Bhagawati Hydropower Development Company,34,84.03291667,28.18375
Mai Khola,4.5,Mai Khola,1,ILAM,Maijogmai,Operation,Himal Dolkha Hydropower Co Ltd,23,87.93680556,26.885
Hewa khola,4.455,Hewa Khola,1,SANKHUWASABHA,Sabhapokhari,Operation,Barun Hydropower Development Co. Pvt. Ltd,25,87.33111111,27.32041667
Radhi Small,4.4,Radhi,4,MANANG,Nashong,Operation,Radhi Bidyut Co. Ltd,47,84.41930556,28.4025
Tungun - Thosne Khola,4.36,Tugun,3,LALITPUR,Konjyosom,Operation,Khani Khola Hydropower Company Ltd,84,85.31847222,27.49236111
Baramchi Khola HPP,4.2,Baramchi,3,SINDHUPALCHOK,Barhabise,Operation,Unique Hydel Pvt Ltd,33,85.79069444,27.84736111
Khudi Khola,4.0,Khudi,4,LAMJUNG,Marsyangdi,Operation,Khudi hydropower limited,16,84.34166667,28.29166667
Puwa Khola-1,4.0,Puwa,1,ILAM,Maijogmai,Operation,Puwa Khola - 1 Hydropower Pvt. Ltd,106,87.90638889,26.93333333
Sardi Khola,4.0,Sardi,4,KASKI,Madi,Operation,Mandakini Hydropower Pvt. Ltd.,94,83.99236111,28.34263889
Dwari Khola SHP,3.75,Dwari,6,JAJARKOT,Junichande,Operation,Bhugol Energy Development Company Pvt Ltd,124,81.82847222,28.93166667
Charnawati Khola Hydroelectric Project,3.52,Charnawati,3,DOLAKHA,Bigu,Operation,Nepal Hydro Developer Pvt Ltd,40,86.02791667,27.64305556
Sabha Khola,3.3,Sabha Khola,1,SANKHUWASABHA,Sabhapokhari,Operation,Dibyaswari Hydropower P Ltd,81,87.28305556,27.39611111
Bhairab Kund Khola,3.0,Bhairab Kund,3,SINDHUPALCHOK,Bhotekoshi,Operation,Bhairabkund Hydropower Pvt. Ltd.,30,85.93625,27.93638889
Chaku Khola,3.0,Chaku,3,SINDHUPALCHOK,Bhotekoshi,Operation,Alliance Power Nepal P.Ltd,17,85.92083333,27.875
Midim Khola,3.0,Midim Khola,4,LAMJUNG,Marsyangdi,Operation,Union Hydropower P.Ltd,68,84.285,28.19069444
Piluwa Khola,3.0,Piluwa Khola,1,SANKHUWASABHA,Chainpur,Operation,Arun Valley Hydropower Development Company Pvt. Ltd.,9,87.33763889,27.27361111
Upper Puwa-1,3.0,Puwa,1,PANCHTHAR,Falelung,Operation,Joshi Hydropower Co. P. Ltd,90,87.89166667,27.00513889
Chake Khola,2.83,Chake Khola,3,RAMECHHAP,Umakunda,Operation,Garjang Upatyaka HP Company Limited,114,86.33708333,27.62972222
Sunkoshi Small,2.6,Sun Koshi,3,SINDHUPALCHOK,Tripurasundari,Operation,Sanima Hydripower Pvt.Ltd,12,85.90833333,27.78333333
Daram Khola-A,2.5,Daram,4,MYAGDI,Mangala,Operation,Sayapatri Hydropower Pvt. Ltd.,89,83.41625,28.28847222
Jiri Khola SHP,2.4,Jiri Khola,3,RAMECHHAP,Gokulganga,Operation,Bojini Company (P.) Ltd,42,86.22833333,27.59875
Panauti,2.4,Roshi,3,KABHREPALANCHOK,Panauti,Operation,Nepal Electricity Authority,1_gtd,85.52430556,27.56958333
Ridi Khola,2.4,Ridi,5,GULMI,Satyawati,Operation,Ridi Hydropower Development Co P Ltd,22,83.41666667,27.9375
Chhandi Khola,2.0,Chhandi,4,LAMJUNG,Dordi,Operation,Chhyandi Hydropower Co. P. Ltd,103,84.47888889,28.26055556
Jhyari Khola,2.0,Jhyari Khola,3,SINDHUPALCHOK,Chautara SangachokGadhi,Operation,"Electrocom and Research Centre, 9851003846",63,85.67736111,27.75902778
Khani Khola,2.0,Khani Khola,3,LALITPUR,Bagmati,Operation,Khani Khola Hydropower Company Ltd,85,85.29472222,27.49083333
Tatopani,2.0,Tatopani,4,MYAGDI,Annapurna,Operation,Nepal Electricity Authority,1_gtd,83.66347222,28.52930556
Lower Chaku Khola,1.8,Chaku,3,SINDHUPALCHOK,Bhotekoshi,Operation,Laughing Buddha Power Nepal Pvt. Ltd,26,85.91833333,27.88597222
Middle Chaku Khola,1.8,Chaku,3,SINDHUPALCHOK,Bhotekoshi,Operation,Laughing Budha Power Nepal,44,85.93125,27.87638889
Thoppal Khola,1.65,Thoppal,3,DHADING,Siddhalek,Operation,Thoppal Khola Hydropower Company,19,84.86666667,27.83333333
Seti,1.5,Seti Khola,4,KASKI,Madi,Operation,Nepal Electricity Authority,1_gtd,83.97888889,28.24111111
Tinau,1.024,Tinau,5,RUPANDEHI,Devdaha,Operation,Nepal Electricity Authority,1_gtd,83.4625,27.72777778
Phewa,1.0,Seti Khola,4,KASKI,Madi,Operation,Nepal Electricity Authority,1_gtd,83.97708333,28.18819444
Suspa Bukhari Khola,0.998,Suspa Bukhari Khola,3,DOLAKHA,Kalinchok,Operation,Kutheli Bukhari Small Hydropower,0,86.0625,27.70277778
Feme khola,0.995,Pheme,1,PANCHTHAR,Falelung,Operation,Khoranga Khola Hydropower Development Company Pvt. Ltd.,0,87.79277778,27.14763889
Chhote khola,0.993,Chhote,4,GORKHA,Aarughat,Operation,Pashupati Environmental Engineering Company Pvt. Ltd.,0,84.89416667,28.17236111
Lower Piluwa,0.99,Piluwa Khola,1,SANKHUWASABHA,Dharmadevi,Operation,Baneshwor Hydropower P Ltd.,0,87.31486111,27.26458333
Sisne Khola,0.8,Sisne Khola,5,PALPA,Tinau,Operation,Gautam Budha Hydropower Development Company,0,83.47916667,27.76458333
Seti-II,0.78,Seti Khola,4,KASKI,Madi,Operation,Task Hydropower Co. Pvt. Ltd,0,84.02527778,28.21166667
Jhankre Mini HPP,0.635,Jhakre Khola,3,DOLAKHA,Jiri,Operation,Khimti Gramin Bidhyut Sahakari Sanstha Limited,0,86.18680556,27.56652778
Thame Small HPP,0.63,Thame Khola,1,SOLUKHUMBU,Khumbupasanglahmu,Operation,Khumbu Bijuli Company Pvt. Ltd.,0,86.66069444,27.82708333
Mugu Karnali Storage HEP,1902.0,Karnali,7,BAJURA,Budhinanda,Survey,Vidhyut Utpadan Company Limited,1020,81.80375,29.54236111
Arun 3,900.0,Arun,1,SANKHUWASABHA,Chichila,Survey,Satluj Jal Vidyut Nigam Limited,375,87.26666667,27.54166667
Upper Karnali,900.0,Karnali,6,SURKHET,Barahtal,Survey,"GMR, Upper Karnali Hydropower Limited",328,81.50416667,28.83611111
Uttarganga Storage Hydropower Project,828.0,Uttar Ganga,4,BAGLUNG,Nisikhola,Survey,Nepal Electricity Authority,703,83.00944444,28.44763889
Betan Karnali HP,688.0,Karnali,7,ACHHAM,Dhakari,Survey,Betan Karnali Sanchayakarta Hydropower Company Ltd,820,81.30347222,28.89180556
Tamakoshi 3,650.0,Tama Koshi,3,DOLAKHA,Melung,Survey,TBI Holding Co. Ltd.,918,86.1175,27.61458333
Kimathanka Arun HEP,450.0,Arun,1,SANKHUWASABHA,Bhotkhola,Survey,Vidhyut Utpadan Company Limited,853,87.43013889,27.79513889
Bheri-1 HEP,440.0,Bheri,6,RUKUM_W,Aathbiskot,Survey,Gezhouba Group Power Investment Nepal Pvt. Ltd.,1012,82.51444444,28.93319444
Phukot Karnali,426.0,Karnali,6,KALIKOT,Raskot,Survey,Vidhyut Utpadan Company Limited,848,81.67055556,29.23819444
Budhi Gandaki Prok Khola HEP,420.0,Budhi Gandaki,4,GORKHA,Chum Nubri,Survey,Chilime Hydropower Company Limited,902,84.80833333,28.54694444
Nalsyau Gad Storage HEP,410.0,Nalsyau,6,JAJARKOT,Tribeni Nalagad,Survey,Nalgad Hydropower Company Limited,962,82.28333333,28.87791667
Surke Dudhkoshi HEP,350.0,Dudhkoshi,1,SOLUKHUMBU,Solududhakunda,Survey,Yeti World Investment Pvt. Ltd.,987,86.69819444,27.6125
Budhi Gandaki Hydropower Project,341.0,Budhi Gandaki,4,GORKHA,Dharche,Survey,Times Enery Pvt. Ltd,601,84.89930556,28.325
Humla Karnali 2 HPP,335.0,Humla Karnali,6,HUMLA,Sarkegad,Survey,Sichuan Wangping Energy Science and Technology Co. Ltd.,999,81.89569444,29.82319444
Lantang Khola Reservoir Hydropower Project,310.0,Langtang,3,RASUWA,Gosaikunda,Survey,Yeti \world Investment Pvt. Ltd.,780,85.43763889,28.18125
Jagdulla HEP,307.0,Bheri,6,JAJARKOT,Tribeni Nalagad,Survey,Jagdulla Hydropower Company Limited,862,82.57111111,29.06819444
Bheri 4,300.0,Bheri,6,JAJARKOT,Chhedagad,Survey,Bhery Energy Pvt. Ltd,829,82.12083333,28.63958333
Budhi Gandaki Kha HEP,260.0,Budhigandaki,4,GORKHA,Dharche,Survey,Nilgiri Khola Hydropower Company Limited,988,84.86666667,28.17722222
Bheri-2 HEP,256.0,Bheri,6,JAJARKOT,Tribeni Nalagad,Survey,Gezhouba Group Power Investment Nepal Pvt. Ltd.,975,82.37791667,28.82291667
Humla Karnali 1 HPP,235.0,Humla Karnali,6,HUMLA,Chankheli,Survey,Sichuan Wangping Energy Science and Technology Co. Ltd.,998,81.9875,29.7375
Chainpur Seti,210.0,Seti Khola,7,BAJHANG,Talkot,Survey,Nepal Electricity Authority,867,81.30208333,29.675
Upper Budhigandaki HEP,203.0,Budhi Gandaki,4,GORKHA,Chum Nubri,Survey,Purnima Developers Group Nepal Pvt. Ltd,965,84.89305556,28.40347222
Tamor Storage,200.0,Tamor,1,PANCHTHAR,Kummayak,Survey,Nepal Electricity Authority,666,87.64083333,27.12972222
Adhikhola Storage HEP,180.0,Adhikhola,5,PALPA,Bagnaskali,Survey,Nepal Electricity Authority,821,83.66666667,27.95
Seti Nadi-3,165.0,Seti Khola,7,BAJHANG,JayaPrithivi,Survey,Chilime Hydropower Company Limited,905,81.19041667,29.55
Kaligandki Gorge,164.0,Kali Gandaki,4,MYAGDI,Annapurna,Survey,NECT-HYM JV,264,83.64375,28.5625
Mugu Karnali HPP,159.62,Mugu Karnali,6,HUMLA,Adanchuli,Survey,Butwal Power Company Limited,951,81.98444444,29.60222222
Ghunsa Khola HPP,155.82,Ghunsa khola,1,TAPLEJUNG,Phaktanglung,Survey,RM Investment Company Pvt. Ltd.,991,87.89236111,27.6125
Super Tamor,155.0,Tamor,1,TAPLEJUNG,Phaktanglung,Survey,Cristal Power Development Pvt ltd,784,87.79166667,27.60930556
Begnas- Rupa Storage Project,150.0,Begnas - Rupa,4,KASKI,Pokhara Lekhnath,Survey,Nepal Electricity Authority,938,84.11458333,28.16875
Lower Barun Khola HPP,132.0,Barun Khola,1,SANKHUWASABHA,Bhotkhola,Survey,Ampik Energy Pvt Ltd,681,87.33541667,27.70666667
Dadagau Khalanga Bheri Hydropower Project,128.0,Bheri,6,JAJARKOT,Bheri,Survey,Gezhouba Group Power Investment Nepal Pvt. Ltd.,806,82.27277778,28.73958333
Tamor Mewa,128.0,Tamor,1,TAPLEJUNG,Phungling,Survey,Spark Hydroelectric Co. Ltd.,675,87.64375,27.36777778
Bheri Nadi-8 (BR-8) HEP,125.0,Bheri,6,DOLPA,Kaike,Survey,Dugar Brothers and Sons Pvt. Ltd,986,82.99486111,28.90597222
Thuli Bheri,121.0,Thuli Bheri,6,DOLPA,Mudkechula,Survey,GAGE Nepal Pvt Ltd,564,82.66666667,29.0
Dudhkoshi-9 HPP,111.0,Dudhkoshi,1,SOLUKHUMBU,Khumbupasanglahmu,Survey,Urja Developers Pvt.Ltd.,785,86.71666667,27.72555556
Isuwa Khola Hydropower Project,97.2,Isuwa Khola,1,SANKHUWASABHA,Makalu,Survey,Dolakha Nirman Company Pvt. Ltd.,697,87.21569444,27.59208333
Lower Seti (Tanahu) HEP,92.0,Seti,4,TANAHU,Devghat,Survey,Tanahu Hydropower Limited,930,84.385,27.85416667
Budhi Gandaki Nadi HPP,91.15,Budhi Gandaki,4,GORKHA,Chum Nubri,Survey,"Surya Energy Pvt.Ltd,",931,84.88472222,28.46402778
Rolwaling Khola HPP,88.0,Rolwaling,3,DOLAKHA,Bigu,Survey,H.E.D. Energy Pvt. Ltd.,847,86.29375,27.90763889
Landruk Modi HEP,86.59,Modi Khola,4,KASKI,Machhapuchchhre,Survey,Annapurna Bidhyut Bikas Company,822,83.86166667,28.44569444
Dudhkoshi-6 HEP,83.0,Dudh Koshi,1,SOLUKHUMBU,Khumbupasanglahmu,Survey,Yeti Trade and Developers Pvt. Ltd.,717,86.7125,27.68277778
Upper Myagdi-I HEP,80.0,Myagdi Khola,4,MYAGDI,Raghuganga,Survey,Upper Myagdi Hydropower Pvt. Ltd,671,83.36527778,28.48888889
Dudhkoshi 10 HEP,75.0,Dudhkoshi,1,SOLUKHUMBU,Khumbupasanglahmu,Survey,Lotus Investment Pvt. Ltd,868,86.71666667,27.77263889
Upper Tamor A HPP,72.0,Tamor,1,TAPLEJUNG,Phaktanglung,Survey,Union Hydropower Limited,845,87.77013889,27.68194444
Ghunsa Khola HPP,71.5,Ghunsa Khola,1,TAPLEJUNG,Phaktanglung,Survey,Remit Hydro Ltd,737,87.83305556,27.54805556
Dudh khola HPP,65.0,Dudh Khola,4,MANANG,Nashong,Survey,Sita Hydropower Company Pvt.Ltd.,818,84.37708333,28.53944444
Botekoshi 5 HYDROPOWER PROJECT,62.0,Bhotekoshi,3,SINDHUPALCHOK,Bhotekoshi,Survey,KALIKA ENERGY PVT LTD,641,85.88375,27.78902778
Jum Khola Hydropower Project,62.0,Jum,3,DOLAKHA,Bigu,Survey,Sanima Hydropower Prvt Ltd,711,86.23152778,27.95875
Chunchet Syar Khola HEP,60.0,Syar Khola,4,GORKHA,Chum Nubri,Survey,Chilime Hydropower Company Limited,993,84.93361111,28.45763889
Syar Khola HPP,59.5,Syar,4,GORKHA,Chum Nubri,Survey,Bigland Hydropower P. Ltd.,922,85.00347222,28.47625
Tiplyang Kaligandaki HEP,58.0,Kali Gandaki,4,MYAGDI,Raghuganga,Survey,Tiplyang Kaligandaki Hydropower Pvt. Ltd,677,83.62416667,28.45805556
Nupche Likhu HEP,57.5,"Nupche , Likhu",3,RAMECHHAP,Umakunda,Survey,Vision Energy and Power Pvt. Ltd.,826,86.475,27.70194444
Myagdi Khola Hydropower Project,57.3,Myagdi Khola,4,MYAGDI,Raghuganga,Survey,Hydro Village Pvt. Ltd.,694,83.39027778,28.60097222
Himchuli Dordi Hydropower Project,57.0,Dordi,4,GORKHA,Chum Nubri,Survey,Peoples Hydropower Company Pvt. Ltd,699,84.57916667,28.32736111
Upper Barunkhola HEP,55.0,Barun,1,SANKHUWASABHA,Bhotkhola,Survey,Great Hydropower Pvt. Ltd,994,87.27708333,27.725
Marshyangdi-7 Hydropower Project,54.0,Marsyangdi,4,MANANG,Narphu,Survey,Himal Energy Venture Pvt. Ltd.,887,84.21722222,28.57416667
Simbuwa Khola Hydroelectric Project,53.7,Simbuwa Khola,1,TAPLEJUNG,Phaktanglung,Survey,Remit Hydro Ltd,738,87.82986111,27.51472222
Middle Kaligandaki,53.539,Kali Gandaki,4,MUSTANG,Thasang,Survey,Hydro Support Pvt. Ltd.,670,83.65,28.50138889
Super Budhigandaki,52.0,Budhigandaki,4,GORKHA,Chum Nubri,Survey,Natural Hydro Nepal Pvt. Ltd,929,84.72361111,28.57083333
Nar Khola Hydro-Electric Project,50.0,Nar Khola,4,MANANG,Nashong,Survey,Rajendra Das Shrestha,897,84.24361111,28.59277778
Sani Bheri 3 HEP,49.59,Sani Bheri,5,RUKUM_E,Sisne,Survey,Ram Giri,957,82.56472222,28.64583333
Kalika Kaligandaki HEP,49.5,Kali Gandaki,4,NAWALPARASI_E,Gaidakot,Survey,Maulakalika Hydropower Company Pvt. Ltd,876,84.335,27.72569444
Middle Mewa HPP,49.0,Mewa Khola,1,TAPLEJUNG,Mikwakhola,Survey,Mewa Developers Pvt. LTd,776,87.62291667,27.47791667
Chujung Khola HEP,48.0,Chujung,1,SANKHUWASABHA,Bhotkhola,Survey,Sangrila Urja Pvt. Ltd,1023,87.47680556,27.75611111
Upper Simbuwa Khola HPP,46.81,Simbuwa Khola,1,TAPLEJUNG,Phaktanglung,Survey,Simbuwa Hydropower Pvt.ltd.,891,87.88680556,27.51138889
Upper Balefhi,46.0,Balephi,3,SINDHUPALCHOK,Jugal,Survey,Samjhana Acharya,950,85.79013889,28.00305556
Sani Bheri HPP,44.52,Sani Bheri,5,RUKUM_E,Sisne,Survey,Expert Hydro Investment Pvt. Ltd,791,82.68236111,28.66291667
Bhotekoshi 1 Hydropower Project,44.0,Bhotekoshi,3,SINDHUPALCHOK,Bhotekoshi,Survey,Shailung Power Company Pvt. Ltd.,969,85.91902778,27.89791667
Tom Dogar HEP ( Budhi gandaki),43.52,Budhi Gandaki,4,GORKHA,Chum Nubri,Survey,Tom Dogar Hydro pvt. Ltd,984,84.86277778,28.49902778
Ghunsa-Tamor HPP,43.0,Tamor,1,TAPLEJUNG,Phaktanglung,Survey,Nepal Hydro Venture Pvt.Ltd.,812,87.79791667,27.54416667
Upper Madi 0,43.0,Madi,4,KASKI,Madi,Survey,Annapurna Power Company Pvt. Ltd,825,84.10833333,28.39583333
Balephi Khola HEP,42.14,Balephi,3,SINDHUPALCHOK,Jugal,Survey,B.G Hydro Investment Co. Ltd.,894,85.7925,27.96666667
Brahmayani HPP,40.0,Balefi Khola,3,SINDHUPALCHOK,Jugal,Survey,Ekikrit Byapar Company Pvt. Ltd.,836,85.76916667,28.04722222
Tamor Khola-5 HEP,40.0,Tamor,1,TAPLEJUNG,Phaktanglung,Survey,River Side Hydro Energy Pvt. Ltd,921,87.79638889,27.52125
Upper Chameliya HP,40.0,Chameliya Khola,7,DARCHULA,Apihimal,Survey,Api Power Co. Ltd,713,80.80027778,29.76069444
Lower Isuwa Khola HPP,37.7,Isuwa Khola,1,SANKHUWASABHA,Bhotkhola,Survey,Sonam Lama Shrestha,815,87.25027778,27.55833333
Super Lower Bagmati HPP,35.9,Bagmati,3,KABHREPALANCHOK,Khanikhola,Survey,Tsetan Gyurman Shrestha,869,85.42319444,27.37083333
Nyasim Hydropower Project,35.0,Nyasem Khola,3,SINDHUPALCHOK,Jugal,Survey,Sita Hydropower Company Pvt. Ltd.,802,85.80833333,27.975
Upper Ankhu Khola,35.0,Ankhu Khola,3,DHADING,Gangajamuna,Survey,Dhading Ankhu Khola Hydro Pvt. Ltd.,672,85.02916667,28.14166667
Bhotekoshi Khola Hydropower Project,33.5,Bhote Koshi,3,RASUWA,Gosaikunda,Survey,Pawan Kumar Golyan,1009,85.34583333,28.17083333
Upper Tamor HEP,32.5,Tamor,1,TAPLEJUNG,Phaktanglung,Survey,Upper Tmor Hydropower Pvt. Ltd.,947,87.79847222,27.56347222
Karuwa Seti HEP,32.0,Seti,4,KASKI,Madi,Survey,Jhyamolongma Hydropower Development Company Pvt. Ltd.,992,83.97777778,28.38916667
Upper Nar Hydropower Project,31.77,Nar,4,MANANG,Narphu,Survey,Universal Power Company P. Ltd,956,84.23472222,28.65694444
Ikhuwa Khola HEP,30.0,Ikhuwa,1,SANKHUWASABHA,Makalu,Survey,Upper Arun Hydro Electric Limited,1000,87.38652778,27.6
Seti Khola HPP,30.0,Seti Khola,4,KASKI,Machhapuchchhre,Survey,Vision Lumbini Ltd.,803,83.96458333,28.34055556
Upper Mewa Khola -A HPP,28.22,Mewa Khola,1,TAPLEJUNG,Phaktanglung,Survey,Surya Holding Company Pvt.Ltd.,878,87.62625,27.52527778
Ilep Tatopani Khola HPP,25.0,Tatopani(Ilep) Khola,3,DHADING,Rubi Valley,Survey,Jalshakti Hydro companu Pvt Ltd,708,85.07152778,28.21458333
Luja Khola HPP,24.8,Luja Khola,1,SOLUKHUMBU,Khumbupasanglahmu,Survey,Ma Shakti Engineering and Hydropower Pvt.Ltd.,943,86.69166667,27.67361111
Super Melamchi Hydropower Project,24.7,Melamchi,3,SINDHUPALCHOK,Panchpokhari Thangpal,Survey,Milarepa Energy Pvt Ltd,923,85.53194444,28.00319444
Badigad Khola HPP,24.6,Badigad,4,BAGLUNG,Taman Khola,Survey,Liberty Energy co. Ltd.,777,83.17861111,28.29125
Machhapuchhre Modi HEP,24.6,Modi,4,KASKI,Machhapuchchhre,Survey,Annapurna Energy Company Pvt. Ltd,1019,83.90208333,28.50208333
Upper Apsuwa HEP,24.6,Apsuwa,1,SANKHUWASABHA,Makalu,Survey,Ram Janaki Hydropower Pvt. Ltd,1025,87.17083333,27.57138889
Upper Trishuli-I Cascade HEP,24.6,Trishuli Ganga,3,RASUWA,Parbati Kunda,Survey,Sahan Engineering Concern Pvt. Ltd,1006,85.20902778,28.0725
Tamakoshi- 9 HEP,24.46,Tamakoshi,3,DOLAKHA,Bigu,Survey,Asian Hydropower Pvt. Ltd,1017,86.21597222,27.95569444
Mathillo Langtang HEP,24.35,Langtang,3,RASUWA,Gosaikunda,Survey,Yeti Langtang Energy Pvt. Ltd,973,85.53638889,28.20819444
Tatopani khola HPP,24.3,Tatopani(Ilep) Khola,3,DHADING,Rubi Valley,Survey,Hanuman hydropower pvt ltd,808,85.08458333,28.25722222
Upper Isuwa,24.3,Isuwa Khola,1,SANKHUWASABHA,Makalu,Survey,Bista Hydropower Pvt. Ltd.,989,87.1925,27.63625
Upper Inkhu Khola HEP,24.22,Inkhu,1,SOLUKHUMBU,Dudhkoshi,Survey,Universal Power Company P. Ltd,954,86.78027778,27.585
Gapuche Madi Nadi HEP,24.0,Madi,4,MANANG,Chame,Survey,Empower Hydropower Pvt. Ltd.,1022,84.11666667,28.43472222
Madme Khola HPP,24.0,Madme Khola,4,KASKI,Madi,Survey,Madme Khola Hydropower P.Ltd.,873,84.13555556,28.43194444
Super Seti HEP,24.0,Seti Khola and Batase Khola,4,KASKI,Madi,Survey,S N Energy Pvt. Ltd,977,84.00319444,28.45291667
Upper Sankhuwa Khola HEP,24.0,Sankhuwa,1,SANKHUWASABHA,Silichong,Survey,Happy Energy Pvt. Ltd,1024,87.04513889,27.54305556
Myagdi Khola A HEP,23.7,Myagdi,4,MYAGDI,Dhaulagiri,Survey,Dordi Khola Jalvidyut Company Limited,971,83.41430556,28.66
Sani Bheri-2 HEP,23.31,Sani Bheri,5,RUKUM_E,Sisne,Survey,Swargadwari Hydro Pvt. Ltd.,907,82.63222222,28.63638889
Apsuwa I HEP,23.0,Apsuwa,1,SANKHUWASABHA,Makalu,Survey,Ram Janaki Hydropower Pvt. Ltd,963,87.14375,27.6
Mewa khola HPP,23.0,Mewa Khola,1,TAPLEJUNG,Mikwakhola,Survey,Union Mewa hydro ltd,782,87.60194444,27.57208333
Middle Hongu Khola B HPP,22.9,Hongu Khola,1,SOLUKHUMBU,Mahakulung,Survey,Gaurishankar Power Development Pvt. Ltd,830,86.83333333,27.5
Upper Kabeli HPP,22.9,Kabeli Khola,1,TAPLEJUNG,Sidingba,Survey,Peace Energy Company Pvt. Ltd.,728,87.85666667,27.33166667
Super Inkhu Khola,22.12,Inkhu,1,SOLUKHUMBU,Khumbupasanglahmu,Survey,Dordi Khola Jalvidyut Company Limited,948,86.79555556,27.61194444
Lapche- Tamakoshi HEP,22.0,"Lapche, Tamakoshi",3,DOLAKHA,Bigu,Survey,Dynamic Hydro Energy Pvt. Ltd,985,86.21597222,27.97375
Middle Hongukhola A Hydropower Project,22.0,Hongu Khola,1,KHOTANG,Sakela,Survey,Apex Makalu Hydropower Pvt. Ltd.,844,86.87736111,27.52486111
Rolwaling Khola,22.0,Rolwaling,3,DOLAKHA,Bigu,Survey,Upper Tamakoshi Hydropower Company Limited,895,86.23375,27.9075
Setikhola Hydroelectric Project,22.0,Seti Khola,4,KASKI,Pokhara Lekhnath,Survey,Setikhola Hydropower Pvt.Ltd.,775,84.08097222,28.11180556
Kabeli-3 HEP,21.93,Kabeli,1,TAPLEJUNG,Sirijangha,Survey,Kabeli Hydropower Company Pvt. Ltd,933,87.86972222,27.39013889
Hongu Khola HPP,21.87,Hongu Khola,1,SANKHUWASABHA,Silichong,Survey,Union Hydropower Ltd,799,86.895,27.55666667
Thulo Khola Hydropower Project,21.3,Thulo Khola,4,MYAGDI,Raghuganga,Survey,Sungava Foundation Pvt. Ltd.,705,83.53333333,28.56194444
Upper Dudh Khola HPP,21.16,Dudh Khola,4,MANANG,Nashong,Survey,Carbonless Energy Fund Pvt. Ltd.,850,84.40680556,28.57319444
Aayu Malun Khola Hydro-Electric Project,21.0,Malun,1,SOLUKHUMBU,Solududhakunda,Survey,Puwa Khola-1 Hydropower Private Limited,807,86.42555556,27.37694444
Jaldigad,21.0,Jaldi Gad,6,JAJARKOT,Tribeni Nalagad,Survey,Shangrila Hydropower Pvt. Ltd.,786,82.45694444,28.82916667
Palun khola small Hydropower Project,21.0,Palun Khola,1,TAPLEJUNG,Mikwakhola,Survey,Palunkhola Hydropower Pvt. Ltd.,908,87.6325,27.55458333
Dordi Dudh Khola Small Hydropower,20.8,Dordi,4,LAMJUNG,Dordi,Survey,Amar Nath Shrestha,745,84.60069444,28.35444444
Upper Brahmayeni HEP,20.07,Nyamya Masal,3,SINDHUPALCHOK,Jugal,Survey,Integrated Hydro Fund Nepal Pvt. Ltd,928,85.7775,28.08555556
Akhu Khola-2 HPP,20.0,Akhu Khola,4,GORKHA,Aarughat,Survey,Gorakshya Hydropower Pvt. Ltd.,749,84.96263889,28.04013889
Lower Balephi,20.0,Balephi,3,SINDHUPALCHOK,Barhabise,Survey,Sajha Power Development,881,85.76180556,27.78361111
Sagu Khola HEP,20.0,Sangu Khola,3,DOLAKHA,Bigu,Survey,Himparbat Hydropower Pvt. Ltd.,805,86.10763889,27.80930556
Super Kabeli Khola HPP,20.0,Kabeli Khola,1,TAPLEJUNG,Sirijangha,Survey,Hilton Hydro Energy Pvt. Ltd.,817,87.8975,27.43791667
Upper Seti Hydropower Project,20.0,Seti Khola,4,KASKI,Machhapuchchhre,Survey,Upper Seti Hydro Pvt.Ltd.,725,83.99041667,28.42305556
Dana Khola Hydropower Project,19.0,Dana Khola,4,MANANG,Nashong,Survey,Lalupate Hydropower Company Pvt. Ltd.,941,84.37791667,28.51555556
Hongu Khola I HEP,18.64,Hongu Khola,1,SOLUKHUMBU,Mahakulung,Survey,Khare Investment Limited,857,86.78541667,27.48208333
Machhe Khola HPP,18.0,Machha Khola,4,GORKHA,Dharche,Survey,Water Energy Development Pvt. Ltd.,801,84.85083333,28.22347222
Balephi Cascade HPP,17.22,Balephi,3,SINDHUPALCHOK,Barhabise,Survey,Moon Light Hydropower Company Pvt. Ltd.,980,85.76805556,27.82666667
Suti Khola Hydropower Project,17.0,Suti,4,MANANG,Nashong,Survey,Nilganga Hydropower Company Pvt. Ltd,932,84.41583333,28.60986111
Midim 1 HEP,16.0,Midim Khola,4,LAMJUNG,Kwholasothar,Survey,Mount Rasuwa Upper Mailung Hydropower Pvt. Ltd.,824,84.275,28.26736111
dobhan Khola HPP,16.0,Dobhan Khola,4,GORKHA,Chum Nubri,Survey,Upper Syange Hydropower Ltd,1008,84.92777778,28.28888889
Upper Maiwa HPP,15.5,Maiwa,1,TAPLEJUNG,Meringden,Survey,Jaya Kumar Limbu,912,87.535,27.38555556
MIddle Ingwa Khola Hydropower Project,15.0,Iwa Khola,1,TAPLEJUNG,Sidingba,Survey,Gopal Mainali,861,87.94958333,27.29208333
Super Kabeli Khola A,15.0,Kabeli Khola,1,TAPLEJUNG,Sirijangha,Survey,Snow River Pvt. Ltd,849,87.94541667,27.4625
Mudi Khola Hydropower Project,14.7,Mudi Khola,4,MYAGDI,Dhaulagiri,Survey,Everest Energy and Infrastructure Fund Pvt. Ltd.,870,83.3425,28.54430556
Upper Irkhuwa HPP,14.5,"Irkhuwa,Phedi",1,SANKHUWASABHA,Silichong,Survey,Aarati Power Company Ltd.,740,87.045,27.39375
Irkhuwa Khola Ka HPP,14.1,Irkhuwa Khola,1,BHOJPUR,Salpasilichho,Survey,Estern Hydropower Pvt.Ltd.,731,86.99722222,27.39791667
Aayu Chhatigad Hydropower Project,13.942,Chatti Gad,7,DARCHULA,Apihimal,Survey,Puwa Khola-1 Hydro Power Pvt.Ltd.,798,80.88152778,29.82013889
Bhabil 1 Hydropower Project,13.86,Bhabil Khola,3,DHADING,Rubi Valley,Survey,Khare Investment Limited,859,85.12083333,28.21097222
Middle Chameliya HPP,13.0,Chameliya Khola,7,DARCHULA,Marma,Survey,"Ram Hari Bajgain, Tek Praad Chaulagain and Gyani Regmi,",920,80.76027778,29.74180556
Upper Seti-1 HEP,13.0,Seti Khola,4,KASKI,Machhapuchchhre,Survey,Shrestha Energy Solution Pvt. Ltd,831,83.94861111,28.29416667
Upper Mudi HEP,12.73,Mudi,4,MYAGDI,Dhaulagiri,Survey,Fresh Water Energy Pvt. Ltd.,896,83.30652778,28.57083333
upper Madame HPP,12.3,Madame Khola,4,MANANG,Neshyang,Survey,National Hydropower Company Pvt. Ltd.,968,84.16680556,28.4375
Dudhkunda Khola HPP,12.0,Solu Khola,1,SOLUKHUMBU,Khumbupasanglahmu,Survey,Mount Everest Power Development P.Ltd.,793,86.60555556,27.60208333
Mistri khola 2 HEP,12.0,Mistri,4,KASKI,Annapurna,Survey,Mountain energy Nepal ltd,883,83.65527778,28.49458333
Budum,11.8,budum,1,SANKHUWASABHA,Silichong,Survey,Arun Valley Hydropower Development Company Pvt. Ltd.,916,86.84791667,27.48652778
Sunigad,11.05,Suni Gad,7,BAJHANG,Talkot,Survey,Omega EnergyDeveloper Pvt. Ltd,832,81.21694444,29.63472222
Lower Nyadi HPP,10.5,Nyadi,4,LAMJUNG,Marsyangdi,Survey,Hub Power Pvt. Ltd,855,84.4125,28.31875
Madya Super Daraundi HPP,10.0,Daraundi,4,GORKHA,Dharche,Survey,Barpak Daraundi Hydropower Company Pvt. Ltd.,892,84.72555556,28.20555556
Middle Mailung Hydropower Project,10.0,Mailung Khola,3,RASUWA,Gosaikunda,Survey,Mailung Khola Hydropower Company Pvt. Ltd,783,85.20069444,28.09111111
Upper Sagu HPP,10.0,"Khartal,Kothali(Sagu)",3,SINDHUPALCHOK,Bhotekoshi,Survey,Sanjay Shrestha,710,86.09944444,27.86416667
Tawa Khola HPP,9.96,"Tawa Khola, Yamkha Khola, Siwa",1,TAPLEJUNG,Sirijangha,Survey,M.A energy venture pvt.ltd.,748,87.91527778,27.37861111
Kabeli B1 Cascade HPP,9.94,Kabeli Khola,1,PANCHTHAR,Yangwarak,Survey,Arun Valley Hydropower Development Company Ltd.,732,87.77375,27.27388889
Jurimba Khola Small Hydropower Project,9.824,Jurimba,3,SINDHUPALCHOK,Bhotekoshi,Survey,Jurimba Hydropower Company Pvt. Ltd,683,85.90611111,27.91472222
Upper Daraudi-C HPP,9.82,Daraudi,4,GORKHA,Ajirkot,Survey,Kalika Construction Pvt Ltd,729,84.72916667,28.26263889
Khimti Ghwang Khola Small HPP,9.8,Khimti Khola,3,DOLAKHA,Gaurishankar,Survey,Nil Ganga Hydrpower Company Pvt.Ltd.,852,86.35347222,27.70097222
NImrung Khola HEP,9.8,Nimrung,4,GORKHA,Dharche,Survey,Kiran Power Company Pvt. Ltd.,926,84.86861111,28.26138889
Kuwadi Khola Hydropower Project,9.6,Kuwadi,6,HUMLA,Tanjakot,Survey,Reliable Hydropower Company Pvt. Ltd.,952,81.70166667,29.65180556
Upper Kabeli-2HPP,9.6,Kabeli Khola,1,TAPLEJUNG,Sidingba,Survey,Arun Valley Hydropower Project Com. Ltd.,794,87.84027778,27.29833333
Sabha Khola A HEP,9.55,Sabha,1,SANKHUWASABHA,Makalu,Survey,Sankhuwasabha Power Development Pvt.Ltd,1021,87.385,27.43597222
Dhaula Khola HEP,9.5,Dhaula,4,MYAGDI,Dhaulagiri,Survey,Dhaulashree Power Pvt. Ltd,983,83.26125,28.57861111
Mid Solu Khola Hydropower Project,9.5,Solu Khola,1,SOLUKHUMBU,Solududhakunda,Survey,Er. Rajendra Prasad Gautam,871,86.57569444,27.50416667
Myagdi Khola- B HEP,9.5,Myagdi Khola,4,MYAGDI,Dhaulagiri,Survey,Sushmit Energy Pvt. Ltd,934,83.3875,28.56375
Naugad HPP,9.5,Naugad,7,DARCHULA,Naugad,Survey,Naugad Hydropower PVt. Ltd,877,80.65833333,29.78902778
Khimrung HPP,9.4,Khimrung,4,KASKI,Annapurna,Survey,Milan Hydro Pvt. Ltd.,884,83.79805556,28.40833333
Manahari Khola HEP,9.258,Manhari,3,MAKAWANPUR,Thaha,Survey,Sabita Godar Thapa,953,84.90138889,27.57375
Upper Daraudi Hydropower Project,9.2,Daraudi,4,GORKHA,Dharche,Survey,"Apaar Bhattarai, Sushila Parajuli Baral",797,84.71041667,28.16583333
Super Ghalemdi HPP,9.14,Ghalemdi,4,MYAGDI,Annapurna,Survey,Super Ghalemdi Hydropower Pvt. Ltd.,813,83.725,28.53541667
Super Chepe,9.05,Chepe Khola,4,GORKHA,Sulikot,Survey,Ridge Line Energy Pvt. Ltd,834,84.64180556,28.23333333
Gidi Khola HEP,9.0,Gidi,6,JUMLA,Tatopani,Survey,Himal Group of Energy Pvt. Ltd,1001,82.1675,29.20930556
Thuligad Khola Small HEP,9.0,Thuli Gad,7,DOTI,Badikedar,Survey,Om Power Company Pvt.Ltd.,890,80.82541667,28.95513889
Malta Bagmati Small Hydro Power Project,8.85,Bagmati,3,LALITPUR,Konjyosom,Survey,Bagmati Water Energy Pvt. Ltd.,833,85.2525,27.48236111
Dudhpokhari Chepe HEP,8.836,Chepe Khola,4,GORKHA,Ajirkot,Survey,Dudhpokhari Chepe Hydropower Pvt. Ltd,935,84.65763889,28.26583333
Nisi Khola HEP,8.8,Nisi,4,BAGLUNG,Dhorpatan,Survey,"Shri Ram Neupane, Chandra Bahadur Thapa, Tanka Gaire",979,83.09291667,28.35430556
Nyache Khola Hydropower Project,8.76,Nyache Khola,4,KASKI,Madi,Survey,Surya Water Pvt. Ltd.,840,84.15944444,28.38638889
Chepe Khola Small Hydropower Project,8.63,Chepe Khola,4,GORKHA,Ajirkot,Survey,Aashutosh Investment Pvt. Ltd.,843,84.63763889,28.19708333
Upper Piluwa-1,8.51,Piluwa,1,SANKHUWASABHA,Chainpur,Survey,Menchhiyam Hydropower P Ltd.,903,87.36861111,27.29138889
Chino Khola HEP,8.5,Chino,4,MANANG,Nashong,Survey,Butwal Power Company,1018,84.33097222,28.54375
Tallo Bagmati Small HPP,8.5,Bagmati,3,MAKAWANPUR,Indrasarowar,Survey,Maheswor Prakash Shrestha,901,85.24375,27.49902778
Upper Sunigad HEP,8.42,Suni Gad,7,BAJHANG,Talkot,Survey,Omega EnergyDeveloper Pvt. Ltd,906,81.21875,29.68055556
Upper Budhiganga B HPP,8.4,Budhi ganga,7,BAJURA,Gaumul,Survey,Reliable Hydropower Company Pvt. Ltd.,778,81.45388889,29.50944444
Sadhu Khola HEP,8.3,Sadhu Khola,4,MANANG,Neshyang,Survey,Northface Power and investment Pvt. Ltd.,936,83.98638889,28.43611111
Upper Daraudi B Small HPP,8.3,Daraudi,4,GORKHA,Dharche,Survey,Kalika Construction Pvt.Ltd.,1002,84.73541667,28.23666667
Upper Deumai Khola Small HPP,8.3,Deumai,1,ILAM,Deumai,Survey,Uddhav Raj Siwakoti,823,87.79305556,26.9375
Kunban Khola HPP,8.2,Kunban,4,MYAGDI,Dhaulagiri,Survey,Sushmit Energy Pvt. Ltd.,809,83.37222222,28.65
Upper Siwa Khola HPP,8.18,Siwa Khola,1,TAPLEJUNG,Mikwakhola,Survey,BLAV Energy Pvt.Ltd.,879,87.57597222,27.51555556
Lower Kalanga Gad Hydroelectric Project,8.0,Kalanga Gad,7,BAJHANG,Bungal,Survey,Bagthala Hydro Pvt.ltd.,754,80.89111111,29.49583333
Lower Tawakhola HEP,8.0,Tawa Khola,1,TAPLEJUNG,Sidingba,Survey,Kabeli Hydropower Company Pvt. Ltd,982,87.87569444,27.36291667
Upper Mailung B Hydropower Project,7.5,Mailung Khola,3,RASUWA,Parbati Kunda,Survey,Sanima Hydropower Ltd,752,85.2,28.14791667
Upper Midim Khola SHP,7.5,Midim Khola,4,LAMJUNG,Marsyangdi,Survey,"Bhujung Hydro Power Pvt.Ltd.,",720,84.25472222,28.33208333
Upper Nyasem A HEP,7.5,Nyasem Khola,3,SINDHUPALCHOK,Jugal,Survey,Sindhu Jwala Hydropower Pvt. Ltd.,886,85.85138889,28.02541667
Lower Hewa Khola-A HPP,7.3,Hewa Khola,1,SANKHUWASABHA,Sabhapokhari,Survey,Panch Khapan Hydropower P.Ltd.,722,87.29458333,27.30805556
Shyam Khola HEP,7.25,Shyam Khola,1,SANKHUWASABHA,Khandbari,Survey,Shyam Khola Energy Development Pvt. Ltd,978,87.07791667,27.33333333
Chepe Khola HPP,7.0,Chepe Khola,4,LAMJUNG,Dudhpokhari,Survey,Champawati Hydro Power P.Ltv,707,84.5675,28.12958333
Menchet Khola HPP,7.0,Menchet Khola,3,DHADING,Rubi Valley,Survey,Ruby Valley Hydropower Com.Ltd.,753,85.09472222,28.18930556
Upper Suri Khola HPP,7.0,"Hulak,Kolung",3,DOLAKHA,Gaurishankar,Survey,Makar Jitumaya Hudropower Pvt.Ltd.,698,86.26805556,27.73333333
Lower Iguwa Khola Hydro-Electric Project,6.9,Iwa Khola,1,TAPLEJUNG,Sidingba,Survey,"Sri Ram Neupane & Srijana Khadka,",846,87.86888889,27.28125
Hidi Khola HPP,6.82,Hidi Khola,4,LAMJUNG,Marsyangdi,Survey,North Summit Hydro Pvt.ltd.,789,84.50236111,28.37861111
Lower Charnawati,6.4,Charnawati,3,DOLAKHA,Kalinchok,Survey,Nepal Hydro Developer Pvt. Ltd,706,86.05777778,27.62347222
Lower Jogmai Khola HPP,6.2,Jogmai Khola,1,ILAM,Suryodaya,Survey,Asian Hydropower Pvt. Ltd,787,87.97722222,26.89111111
Lower Khani-B HEP,6.2,Khani,3,DOLAKHA,Gaurishankar,Survey,Koplang Energy Hydropower Pvt.Ltd.,925,86.32916667,27.81583333
Jogmai Cascade,6.0,Jogmai Khola,1,ILAM,Suryodaya,Survey,Sanvi Energy Pvt. Ltd.,686,88.00819444,26.90541667
Lower Dudkunda HPP,6.0,Dudh Kunda,1,SOLUKHUMBU,Dudhkoshi,Survey,Rakam Chemjung,874,86.59305556,27.56666667
Bagar Khola Hydro-Electric Project,5.5,Bagar Khola,4,MYAGDI,Raghuganga,Survey,Lalita Mahat,795,83.53208333,28.48333333
Middle Tadi HPP,5.5,Tadi Khola,3,NUWAKOT,Langtang National Park,Survey,Dupcheshwor Mahadev Hydro Company Pvt. Ltd.,946,85.40888889,27.96166667
Sagu khola 1 HPP,5.5,Sagu,3,DOLAKHA,Bigu,Survey,Him parbat Hydropower pvt ltd,816,86.10388889,27.83722222
Lower Rukumgad HEP,5.25,Rukum gad,5,RUKUM_E,Putha Uttarganga,Survey,Kasuwa Khola Hydropower Ltd.,972,82.63263889,28.62361111
Chyandi Khola,5.1,Chyandi Khola,4,LAMJUNG,Dudhpokhari,Survey,Puspa Duwadi,854,84.62777778,28.22652778
Dudh Khola Dordi HPP,5.0,Dudh Khola,4,LAMJUNG,Dordi,Survey,Cheef Bahadur Thapa,860,84.60638889,28.37583333
Dudh Khola Small HPP,5.0,Dudh Khola,4,GORKHA,Chum Nubri,Survey,Mahendra Bahadur Baniya,917,84.6275,28.36486111
Galkot Daram Hydroectric Project,5.0,Daram,4,BAGLUNG,Kanthekhola,Survey,Galkot Daram Hydropower Ltd.,739,83.40708333,28.2125
Middle Budhiganga Hydropower Project,5.0,Budhi Ganga,7,BAJURA,Budhiganga,Survey,Reliable Hydropower Company Pvt.Ltd.,719,81.30625,29.32569444
Sangu Khola HPP,5.0,Sangu Khola,3,DOLAKHA,Bigu,Survey,Kalinchowk Hydropower Pvt. Ltd.,771,86.09208333,27.79555556
Sepli Khola,5.0,Sepli Khola,1,SOLUKHUMBU,Solududhakunda,Survey,Sepli Hydropower Development Pvt. Ltd.,819,86.45402778,27.38513889
Sona Khola Hydropower Project,5.0,Sona Khola,1,TAPLEJUNG,Mikwakhola,Survey,Himali Hydro Fund Pvt. Ltd.,913,87.65291667,27.56222222
Rauje Khola HPP,4.99,Rauje Khola,1,SOLUKHUMBU,Khumbupasanglahmu,Survey,Hydro Connection Pvt Ltd,888,86.68819444,27.63291667
Thulo Khola HPP,4.99,Thulo Khola,4,MYAGDI,Raghuganga,Survey,Thulo Khola Hydropower Ltd,945,83.52958333,28.59430556
Bhim Khola Small HPP,4.96,Bhim Khola,4,BAGLUNG,Galkot,Survey,Shikhar Power Development Pvt.Ltd.,727,83.24055556,28.28986111
Miwaje Khola HEP,4.95,Miwaje,4,KASKI,Madi,Survey,Ma Durga Kali HYdropower Company Pvt. Ltd,909,84.00763889,28.41472222
Palun khola 1 Hydropower Project,4.95,Palun Khola,1,TAPLEJUNG,Phaktanglung,Survey,Trust Energy Pvt. Ltd.,893,87.64138889,27.58152778
Upper Piluwa 3 HPP,4.95,Piluwa Khola,1,TAPLEJUNG,Maiwakhola,Survey,Mabilung Energy Pvt.Ltd,942,87.41416667,27.29805556
Rugrugad Small HEP,4.91,Rugru gad,7,DARCHULA,Apihimal,Survey,"Radhika Bartaula, Sita Ghimire, Prahlad Chaudhary",976,80.80319444,29.78875
Upper Taksu Small HPP,4.87,thaksu,6,DOLPA,Mudkechula,Survey,Myagdi Power Development Pvt.,790,82.44513889,28.91125
Middle Molung Khola Small HEP,4.839,Molung,1,OKHALDHUNGA,Molung,Survey,Suvarambha Hydropower(Pvt.) ltd.,1023,86.44444444,27.29472222
Mai Third HPP,4.82,Mai Khola,1,ILAM,Rong,Survey,East Construction and Engineering Consultancy Pvt. Ltd.,882,87.90625,26.84027778
Lower Thulo Khola Hydropower Project,4.75,Thulo Khola,4,MUSTANG,Thasang,Survey,Chitwan Energy Limited,858,83.51541667,28.53555556
Bhurundi Khola Small HPP,4.73,Bhurundi Khola,4,KASKI,Annapurna,Survey,Yadav Raj Mainali,837,83.76333333,28.31763889
Upper Rukum Gad HPP,4.73,"Rukum Gad(Lukum,Thaban,Kuchiba",5,RUKUM_E,Putha Uttarganga,Survey,Gandaki Energy Limited,774,82.63875,28.58097222
Tadi Ghyamphedi HPP,4.7,Tadi Khola,3,SINDHUPALCHOK,Helambu,Survey,Purna Lal Shrestha and Bala Ram Khatiwada,899,85.45375,27.99763889
Darkhola Small HPP,4.64,Dar Khola,4,MYAGDI,Dhaulagiri,Survey,"Darkhola Hydropower Pvt. Ltd.,",804,83.32597222,28.50555556
Kisedi Khola Small HPP,4.6,Kisedi Khola,4,LAMJUNG,Dordi,Survey,Ana Multipurpose Company Pvt.Ltd.,788,84.48416667,28.19694444
Super Machha Khola HEP,4.6,Machha Khola,4,GORKHA,Dharche,Survey,Budhigandaki Hydropower Pvt. Ltd,964,84.80125,28.23430556
Upper Melamchi HEP,4.6,Melamchi,3,SINDHUPALCHOK,Panchpokhari Thangpal,Survey,Gugeshwori Energy Pvt. Ltd,1014,85.53333333,28.03041667
Upper Machha Khola HEP,4.55,Machha Khola,4,GORKHA,Dharche,Survey,Bikash Hydropower Company Pvt. Ltd.,927,84.81583333,28.21569444
Bhalaudi Khola HEP,4.5,Bhalaudi,4,KASKI,Machhapuchchhre,Survey,Bhalaudi Khola Hydropower Pvt. Ltd.,939,83.9675,28.38333333
Gasali Khola Small HEP,4.5,Gasali,3,DHADING,Rubi Valley,Survey,Himshila Power Company Pvt Ltd,955,85.03555556,28.08305556
Kyadusyo Khola Small HEP,4.5,Kyadusyo,4,KASKI,Madi,Survey,J.P Hydropower Pvt. Ltd,961,84.1075,28.42722222
Upper Bhurundi Khola- A Small HEP,4.5,Bhurundi,4,KASKI,Annapurna,Survey,Niko Energy Pvt. Ltd.,885,83.74305556,28.35694444
Trishuli Khola,4.409,Trishuli Khola,3,RASUWA,Gosaikunda,Survey,Karuna Chetri Ambika Shah,958,85.31125,28.11263889
Gamari Gad HEP,4.36,Gamari Gad,5,RUKUM_E,Dhorpatan Hunting Reserve,Survey,Ram Prasad Acharya,827,82.79888889,28.67791667
Pegu Khola Small Hydropower Project,4.35,Pegu,3,DOLAKHA,Bigu,Survey,BiguHydropower Venture,709,86.06958333,27.83055556
Sabha Khola C HPP,4.2,Sabha Khola,1,SANKHUWASABHA,Makalu,Survey,Arbit Energy Pvt. LTd,851,87.32513889,27.43333333
Syano Khola HPP,4.2,Syano Khola,4,MUSTANG,Thasang,Survey,Karnali Jalashrot Limited,796,83.50597222,28.54236111
Supper Sabha Khola Small HPP,4.1,Sabha Khola,1,TAPLEJUNG,Meringden,Survey,Sankhuwasabha Power Development Pvt.Ltd,773,87.405,27.45444444
Kingtang Khola Small HPP,4.0,Kingtang Khola,3,DHADING,Rubi Valley,Survey,Vision Hydro And Elecrtric Pvt.Ltd.,718,84.99388889,28.02708333
Langdi Khola Small HPP,4.0,Langdi,4,LAMJUNG,Dudhpokhari,Survey,Ujyalo Nepal Hydro Pvt. Ltd.,865,84.6,28.18319444
Lower Melamchi HEP,4.0,Melamchi,3,SINDHUPALCHOK,Helambu,Survey,Gugeshwori Energy Pvt. Ltd,1013,85.53888889,27.98125
Super Iwa Khola HEP,4.0,Iwa Khola,1,PANCHTHAR,Yangwarak,Survey,Kanchanjunga Hydro Energy Pvt. Ltd,915,87.98694444,27.31458333
Chhomron Khola Small Hydro Power Project,3.914,Chhomron Khola,4,KASKI,Annapurna,Survey,Ghandruk Hydro Private Limited,872,83.82736111,28.43194444
Upper Siddhi khola HEP,3.86,Siddhi Khola,1,ILAM,Suryodaya,Survey,Birta Power Pvt.Ltd.,750,88.12111111,26.85152778
Super Mai Khola Cascade HPP,3.8,Mai Khola,1,ILAM,Sandakpur,Survey,Mai Khola Hydropower Pvt.Ltd.,755,87.94847222,26.93444444
Upper Bhurundi Khola SHP,3.75,Bhurundi Khola,4,KASKI,Annapurna,Survey,Ambe Hydropower Pvt. Ltd,733,83.74444444,28.33402778
Rigdi Khola Hydro Project,3.7,Rigdi,3,CHITAWAN,Ichchhyakamana,Survey,Ridhi Hydropower Pvt. Ltd,828,84.51666667,27.80763889
Super Most Iwa,3.7,Iwa,1,PANCHTHAR,Yangwarak,Survey,Bishnu Kumar Maden,1010,88.01180556,27.34097222
Upper Junbesi HPP,3.7,Junbeshi,1,SOLUKHUMBU,Solududhakunda,Survey,Gurkhas Himalayan Hydro Pvt. Ltd.,900,86.54833333,27.59916667
Lower Mid Rawa Khola HEP,3.64,Rawa,1,KHOTANG,Kepilasagadhi,Survey,"Lokraj Sharma, Shambhu Prasad Ghimire, Satya Narayan Prajapati",997,86.80013889,27.34166667
Lower Bhim Khola HPP,3.6,Bhim Khola,4,BAGLUNG,Galkot,Survey,Shikhar Power Development Pvt. Ltd.,811,83.20513889,28.28986111
Devdhunga Chaku Khola HEP,3.56,Chaku and Devdhunga,3,SINDHUPALCHOK,Bhotekoshi,Survey,Devdhunga Malika Hydropower Pvt. Ltd,974,85.98194444,27.86194444
Phedi Khola (Thumlung) Small HPP,3.52,Phedi khola (Thumlung),1,BHOJPUR,Shadananda,Survey,Phedi khola Hydropower Company Pvt. Ltd.,800,87.01680556,27.37680556
Molung Cascade HEP,3.5,Molung,1,OKHALDHUNGA,Siddhicharan,Survey,Anak Hydropower Co. Pvt. Ltd,1016,86.435,27.32597222
Rawa Khola HEP,3.5,Rawa,1,SOLUKHUMBU,Sotang,Survey,Halesi Hydropower Pvt. Ltd.,911,86.77083333,27.32625
Sinkos Khola HPP,3.45,Sinkos Khola,4,MYAGDI,Dhaulagiri,Survey,Simkos Hydropower P.Ltd.,814,83.40194444,28.55208333
Tinau Khola HPP,3.44,Tinau,5,PALPA,Tansen,Survey,Nama Buddha Hydropower Pvt Ltd,668,83.51833333,27.75694444
Syalque Khola Small HEP,3.41,"Syalque khola, Danque Khola",4,MANANG,Nashong,Survey,Alliance Energy Solutions Pvt Ltd,924,84.31236111,28.52333333
Upper Gidi Khola HEP,3.3,Gidi,6,JUMLA,Guthichaur,Survey,Himal Group of Energy Pvt. Ltd,1015,82.15694444,29.17069444
Upper Sardi Hydropower Project,3.3,"Sardi, kutmi",4,KASKI,Madi,Survey,Mandakini Hydropower Ltd,810,84.02486111,28.36305556
Pikhuwa Pashupati HEP,3.28,Pikhuwa,1,BHOJPUR,Tyamkemaiyung,Survey,Sumnima Hydropower Company Pvt. Ltd.,880,86.99166667,27.21319444
Upper Ghatte Khola Small HPP,2.73,Ghatte,3,DOLAKHA,Gaurishankar,Survey,Dolakha Urja Pvt. Ltd,937,86.31208333,27.76597222
Kalinchok Small,2.6,Budhekhani khola and Bhumithan,3,DOLAKHA,Bigu,Survey,Himalayan Energy Pvt. Ltd.,856,86.06027778,27.79875
Hewa Khola (Chainpur) HEP,2.5,Hewa Khola,1,SANKHUWASABHA,Khandbari,Survey,Chapung Tem Hydropower Pvt. Ltd,889,87.26111111,27.30222222
Lower Jhyari Khola Small HPP,2.5,Jhyari Khola,3,SINDHUPALCHOK,Jugal,Survey,Electrocom and Research Center Ltd,741,85.67930556,27.73541667
Lower Rupse Khola HEP,2.5,Rupse,4,MUSTANG,Thasang,Survey,Gulmi Hydro Pvt. Ltd,990,83.64361111,28.54944444
Mid Rawa Khola HEP,2.5,Rawa Khola,1,KHOTANG,Ainselukhark,Survey,Rawa Energy Development Pvt. Ltd.,842,86.82902778,27.34555556
Upper Most Iwa Khola HEP,2.5,Iwa,1,PANCHTHAR,Yangwarak,Survey,Timbung Pokhari Hydro Pvt. Ltd,1004,88.00555556,27.32708333
Lung Khola HPP,2.42,Lung Khola,5,PYUTHAN,Gaumukhi,Survey,Gaumukhi Nubaini Hydro Pvt. Ltd.,914,82.91513889,28.21013889
Ladku Khola Small HPP,2.4,Ladku Khola,3,KABHREPALANCHOK,Dhulikhel,Survey,Roshi Valley Power Development P. Ltd.,866,85.53652778,27.53472222
Toj Khola HPP,2.3,Toj Khola,4,LAMJUNG,Marsyangdi,Survey,New Star MP Hydropower Pvt. Ltd.,960,84.45708333,28.33208333
Arun Khola 2 HEP,2.16,Arun Khola,5,PALPA,Nisdi,Survey,Himalayan Engineering and Energy Pvt. Ltd.,839,83.895,27.73041667
Arung Khola,2.0,Arung,4,NAWALPARASI_E,Madhyabindu,Survey,Shakti Hydropower Pvt. Ltd,704,83.94902778,27.7
Jeuli-Gad Cascade Hydroelectric Project,2.0,Jeuli Gad,7,BAJHANG,Talkot,Survey,Shurma Bhagwati Developers Pvt. Ltd.,875,81.17847222,29.56791667
Upper Pikhuwa HPP,2.0,Pikhuwa,1,BHOJPUR,Tyamkemaiyung,Survey,Sumnima Hydropower Company Pvt.Ltd.,751,86.99305556,27.23875
Upper Richet Khola SHP,2.0,Richet,3,DHADING,Rubi Valley,Survey,Upper Richet Hydropower Pvt. Ltd.,692,84.93902778,28.19013889
Chisang Khola -A Small Hydropower Project,1.8,Chisang,1,PANCHTHAR,Miklajung,Survey,Chisang Hydro Pvt Ltd,676,87.48944444,26.82111111
Lodo Khola Small HEP,1.73,Lodo Khola,4,LAMJUNG,Dordi,Survey,Liberty Energy Company Ltd.,841,84.53763889,28.26694444
Sipa Khola HEP,1.514,Sipa,3,SINDHUPALCHOK,Chautara SangachokGadhi,Survey,Simbuwa Khola A Hydropower Pvt. Ltd.,944,85.66180556,27.76597222
Jhimruk Aglung HPP,1.5,Jhimruk,4,BAGLUNG,Nisikhola,Survey,Aglung Hydropower Company P.Ltd.,747,83.02847222,28.24444444
Lomsa HEP,1.1,Dhamile- Ghatte,3,RAMECHHAP,Umakunda,Survey,Pathibhara Hydropower Pvt. Ltd,910,86.32583333,27.68694444
Kisedi KHola HEP,0.998,Kisedi Khola,4,LAMJUNG,Dordi,Survey,CEDB Hydropower Development Company Ltd..,0,84.51708333,28.20291667
Ribal Khola SHP,0.998,Ribal,3,SINDHUPALCHOK,Panchpokhari Thangpal,Survey,Melamchi Hydropower Pvt Ltd,0,85.52416667,27.98583333
Syankhu Khola,0.996,Syankhu,3,DOLAKHA,Bigu,Survey,Gaurab Malla,0,86.12666667,27.85222222
Dhauligad Sunakhani Bagar SHP,0.99,Dhauligad,7,BAJHANG,JayaPrithivi,Survey,"Khecheswor Jalvidyut Co P Ltd, Bhajhang",0,81.16055556,29.45097222
Ghatte Khola Small HPP,0.99,Ghatte Khola,3,SINDHUPALCHOK,Bhotekoshi,Survey,Gaun Ghar Ujjyalo Small Hydropower Co Lt.,0,85.73694444,27.89083333
Khani Khola Small HPP,0.979,Khani Khola,3,DOLAKHA,Gaurishankar,Survey,"Dwarika prasad acharya,Syangbo Sherpa,Jalandhar Kafle",0,86.10583333,27.61972222
Junbesi Small,0.964,Junbesi Khola,1,SOLUKHUMBU,Solududhakunda,Survey,samiran Rai,0,86.57541667,27.55375
Gumu Khola HEP,0.95,Gumu Khola,3,DOLAKHA,Bigu,Survey,Gumu Khola Bhyakure Hydropower P.Ltd. (Mitra Bahadur Shrestha),0,86.12708333,27.72083333
thosne Khola Tokal Hydroelectric Project,0.922,Thosne,3,LALITPUR,Mahalaxmi,Survey,Mahankal Bahuuddeshiya Utpadan samuha Pvt. Ltd (Prem Narayan Ghimire),0,85.31958333,27.51861111
Upper Sit Khola SHP,0.905,Sit,5,ARGHAKHANCHI,Sitganga,Survey,Alliance Energy Solutions Pvt Ltd,0,83.05111111,27.85833333
Garjan Khola Small HPP,0.9,Garjan Khola,3,DOLAKHA,Jiri,Survey,Ice Land Power Pvt.ltd.,0,86.33569444,27.64958333
Upper Idi Khola SHP,0.85,Idi Khola,4,LAMJUNG,Kwholasothar,Survey,Annapurna Vidyut Pvt. Ltd.,0,84.11847222,28.25055556
Gochyang Khola Small HEP,0.8,Gochyang (Pung) Khola,3,RASUWA,Naukunda,Survey,Ram kaji Pandit,0,85.28111111,28.00180556
Gudrung Khola Small HPP,0.8,Gudrung Khola,5,ARGHAKHANCHI,Sitganga,Survey,Ranikuwa International Hydropower Com.Pvt.,0,83.04027778,27.78263889
Masina HPP,0.8,Kotre Khola,4,KASKI,Pokhara Lekhnath,Survey,Masina Tourism Cooperative Ltd.,0,84.08986111,28.09597222
Khadigad Khola,0.5,khadigad,6,RUKUM_W,Aathbiskot,Survey,Khadigad Khola Mini HP,0,82.48958333,28.79097222
Elun Khola,0.485,Elun Khola,1,OKHALDHUNGA,Molung,Survey,Suresh Kumar Shrestha,0,86.38847222,27.39319444
Jhakre-2 Mini HPP,0.4,Jhakre Khola,3,DOLAKHA,Gaurishankar,Survey,Khimti Gramin Bidhyut Sahakari Sanstha Limited,0,86.17277778,27.57097222
Lower Bom Khola HPP,0.184,Bom Khola,1,SOLUKHUMBU,Khumbupasanglahmu,Survey,Lukla Surke Laghu Jalabidhut Upobhokta Samiti,0,86.72361111,27.67847222
Namche Khola Mini HPP,0.183,Namche Khola,1,SOLUKHUMBU,Khumbupasanglahmu,Survey,Khumbu Bijuli Company Pvt. Ltd.,0,86.71125,27.80027778
