slug,feature_id,label_title,project_group_slug,status,procurement_stage,is_operating,capacity_mwp,capacity_mw,tariff_npr_kwh,expected_annual_generation_gwh,district,province,substation,resource_zone,siting_archetype,owner,bidder,developer_type,precision_label,location_basis,confidence,source_note,source_slug,last_updated
solar-energy-lalitpur,solar_energy_lalitpur,Solar Energy,,operating,commissioned,TRUE,0.68,0.68,,,Lalitpur,,,,,Kathmandu Upatyaka Khanepani Byawasthapan Board,,public-utility,municipality anchor,DoED table has zero coordinates; municipality anchor at Bungamati/Lalitpur,low,"DoED Power Plants :: Solar table, updated Jan 9 2026",doed-solar-power-plants-table,2026-05-07
bishnu-priya-nawalparasi,bishnu_priya_solar,Bishnu Priya Solar Farm Project,,operating,commissioned,TRUE,1,1,,,Nawalparasi,,,,,Surya Power Company P. Ltd.,,IPP,DoED coordinate midpoint,DoED operating solar table coordinate midpoint,high,"DoED Power Plants :: Solar table, updated Jan 9 2026",doed-solar-power-plants-table,2026-05-07
butwal-solar-ridi-8-5mwp,butwal_solar,"Grid-Connected Solar Power Project, Butwal 33 kV S/S",,operating,commissioned,TRUE,8.5,8.5,,,Rupandehi,,,,,Ridi Power Company Ltd.,,IPP,DoED coordinate midpoint,DoED operating solar table coordinate midpoint,high,"DoED Power Plants :: Solar table, updated Jan 9 2026",doed-solar-power-plants-table,2026-05-07
nuwakot-block-1,nuwakot_block_1,Block No 1 Solar Farms Project,bidur-trishuli-solar-25mwp,operating,commissioned,TRUE,5.1,5.1,,,Nuwakot,,,,,Nepal Electricity Authority,,NEA,DoED coordinate midpoint,DoED operating solar table coordinate midpoint,high,"DoED Power Plants :: Solar table, updated Jan 9 2026",doed-solar-power-plants-table,2026-05-07
nuwakot-block-2,nuwakot_block_2,Block No 2 Solar Farms Project,bidur-trishuli-solar-25mwp,operating,commissioned,TRUE,8.3,8.3,,,Nuwakot,,,,,Nepal Electricity Authority,,NEA,DoED coordinate midpoint,DoED operating solar table coordinate midpoint,high,"DoED Power Plants :: Solar table, updated Jan 9 2026",doed-solar-power-plants-table,2026-05-07
bel-chautara-solar,bel_chautara_solar,Bel Chautara Solar Farm Project,,operating,commissioned,TRUE,5,5,,,Tanahu,,,,,Solar Farm Pvt. Ltd.,,IPP,DoED coordinate midpoint,DoED operating solar table coordinate midpoint,high,"DoED Power Plants :: Solar table, updated Jan 9 2026",doed-solar-power-plants-table,2026-05-07
mithila-solar-dhanusha-10mwp,mithila_solar,"Mithila Solar PV Power Project, Dhanusa",,operating,commissioned,TRUE,10,10,,,Dhanusha,,,,,Eco Power Development Pvt. Ltd.,,IPP,DoED coordinate midpoint,DoED operating solar table coordinate midpoint,high,"DoED Power Plants :: Solar table, updated Jan 9 2026",doed-solar-power-plants-table,2026-05-07
som-radha-krishna,som_radha_krishna,Som Radha Krishna Solar Farm Project,,operating,commissioned,TRUE,4.4,4.4,,,Kaski,,,,,Nepal Solar Farm Ltd.,,IPP,DoED coordinate midpoint,DoED operating solar table coordinate midpoint,high,"DoED Power Plants :: Solar table, updated Jan 9 2026",doed-solar-power-plants-table,2026-05-07
pratappur-solar,pratappur_solar,Solar PV Pratappur,,operating,commissioned,TRUE,5,5,,,Nawalparasi,,,,,National Solar Power Company Pvt. Ltd.,,IPP,DoED coordinate midpoint,DoED operating solar table coordinate midpoint,high,"DoED Power Plants :: Solar table, updated Jan 9 2026",doed-solar-power-plants-table,2026-05-07
chandranigahpur-solar,chandranigahpur_solar,Chandranigahpur Solar Project,,operating,commissioned,TRUE,4,4,,,Rautahat,,,,,Api Power Company Pvt. Ltd.,,IPP,DoED coordinate midpoint,DoED operating solar table coordinate midpoint,high,"DoED Power Plants :: Solar table, updated Jan 9 2026",doed-solar-power-plants-table,2026-05-07
nuwakot-block-4,nuwakot_block_4,"Grid Connected Solar Project Block 4, Nuwakot",bidur-trishuli-solar-25mwp,operating,commissioned,TRUE,1.37,1.37,,,Nuwakot,,,,,Nepal Electricity Authority,,NEA,DoED coordinate midpoint,DoED operating solar table coordinate midpoint,high,"DoED Power Plants :: Solar table, updated Jan 9 2026",doed-solar-power-plants-table,2026-05-07
dhalkebar-solar-3mw,dhalkebar_solar_3mw,"Grid-Connected Solar Power Project, Dhalkebar 33 kV S/S",,operating,commissioned,TRUE,3,3,,,Dhanusha,,,,,Sagarmatha Energy & Construction Pvt. Ltd.,,IPP,DoED coordinate midpoint,DoED operating solar table coordinate midpoint,high,"DoED Power Plants :: Solar table, updated Jan 9 2026",doed-solar-power-plants-table,2026-05-07
ramgram-solar,ramgram_solar,"Grid Connected Solar PV Project, Ramgram",,operating,commissioned,TRUE,2,2,,,Nawalparasi,,,,,Saurya Bidhyut Power Pvt. Ltd.,,IPP,DoED coordinate midpoint,DoED operating solar table coordinate midpoint,high,"DoED Power Plants :: Solar table, updated Jan 9 2026",doed-solar-power-plants-table,2026-05-07
morang-utility-solar,morang_utility_solar,"Utility Scale Solar PV, Grid Connected Solar Project, Morang",,operating,commissioned,TRUE,6.8,6.8,,,Morang,,,,,G I Solar Pvt. Ltd.,,IPP,DoED coordinate midpoint,DoED operating solar table coordinate midpoint,high,"DoED Power Plants :: Solar table, updated Jan 9 2026",doed-solar-power-plants-table,2026-05-07
banke-block-2,banke_block_2,"Solar PV Project Banke, block-2",,operating,commissioned,TRUE,10,10,,,Banke,,,,,Pure Energy Ltd.,,IPP,DoED coordinate midpoint,DoED operating solar table coordinate midpoint,high,"DoED Power Plants :: Solar table, updated Jan 9 2026",doed-solar-power-plants-table,2026-05-07
raniyapur-block-1,raniyapur_block_1,"Solar PV Project, Raniyapur, Block 1",,operating,commissioned,TRUE,10,10,,,Banke,,,,,Pure Energy Ltd.,,IPP,DoED coordinate midpoint,DoED operating solar table coordinate midpoint,high,"DoED Power Plants :: Solar table, updated Jan 9 2026",doed-solar-power-plants-table,2026-05-07
dhalkebar-solar-1mw,dhalkebar_solar_1mw,"Solar Power Project, Dhalkebar 11 kV S/S",,operating,commissioned,TRUE,1,1,,,Dhanusha,,,,,Api Power Company Ltd.,,IPP,DoED coordinate midpoint,DoED operating solar table coordinate midpoint,high,"DoED Power Plants :: Solar table, updated Jan 9 2026",doed-solar-power-plants-table,2026-05-07
simara-solar,simara_solar,"Solar Power Project, Simara 11 kV S/S",,operating,commissioned,TRUE,1,1,,,Bara,,,,,Api Power Company Ltd.,,IPP,DoED coordinate midpoint,DoED operating solar table coordinate midpoint,high,"DoED Power Plants :: Solar table, updated Jan 9 2026",doed-solar-power-plants-table,2026-05-07
dharamnagar-solar,dharamnagar_solar,Dharamnagar Solar Farm Project,,operating,commissioned,TRUE,10,10,,,Kapilbastu,,,,,Pashupati Renewables Ltd.,,IPP,DoED coordinate midpoint,DoED operating solar table coordinate midpoint,high,"DoED Power Plants :: Solar table, updated Jan 9 2026",doed-solar-power-plants-table,2026-05-07
nuwakot-grid-tied,nuwakot_grid_tied,Grid Tied Solar Farm Project,bidur-trishuli-solar-25mwp,operating,commissioned,TRUE,3.09,3.09,,,Nuwakot,,,,,Nepal Electricity Authority,,NEA,DoED coordinate midpoint,DoED operating solar table coordinate midpoint,high,"DoED Power Plants :: Solar table, updated Jan 9 2026",doed-solar-power-plants-table,2026-05-07
nuwakot-block-5,nuwakot_block_5,Grid Tied Solar Farm Project Block No. 5,bidur-trishuli-solar-25mwp,operating,commissioned,TRUE,6.5,6.5,,,Nuwakot,,,,,Nepal Electricity Authority,,NEA,DoED coordinate midpoint,DoED operating solar table coordinate midpoint,high,"DoED Power Plants :: Solar table, updated Jan 9 2026",doed-solar-power-plants-table,2026-05-07
shivasatakshi-jhapa,shivasatakshi_jhapa,"Grid Connected Solar Project, Shivasatakshi Jhapa",,operating,commissioned,TRUE,10,10,,,Jhapa,,,,,Jhapa Energy Limited,,IPP,DoED coordinate midpoint,DoED operating solar table coordinate midpoint,high,"DoED Power Plants :: Solar table, updated Jan 9 2026",doed-solar-power-plants-table,2026-05-07
jira-bhawani-sedawa,jira_bhawani_sedawa,Jira Bhawani Sedawa PV Project,,operating,commissioned,TRUE,7.7,7.7,,,Parsa,,,,,Tarai Solar Pvt. Ltd.,,IPP,DoED coordinate midpoint,DoED operating solar table coordinate midpoint,high,"DoED Power Plants :: Solar table, updated Jan 9 2026",doed-solar-power-plants-table,2026-05-07
dharamnagar-solar-ii,dharamnagar_solar_ii,Dharamnagar Solar Farm Project - II Kapilbastu,,operating,commissioned,TRUE,15,15,,,Kapilbastu,,,,,Pashupati Renewables Private Limited,,IPP,DoED coordinate midpoint,DoED operating solar table coordinate midpoint,high,"DoED Power Plants :: Solar table, updated Jan 9 2026",doed-solar-power-plants-table,2026-05-07
ddb-saurya,ddb_saurya,DDB Saurya Vidyut Aayojana,,operating,commissioned,TRUE,2.3,2.3,,,Parsa,,,,,Tarai Energy Private Limited,,IPP,DoED coordinate midpoint,DoED operating solar table coordinate midpoint,high,"DoED Power Plants :: Solar table, updated Jan 9 2026",doed-solar-power-plants-table,2026-05-07
nea-960mw-loi-01,nea_960mw_loi_01,Rakathum solar award,,planned,loi-awarded,FALSE,10,10,4.99,,Ramechhap,,Rakathum,,,,Annapurna Clean Energy Pvt Ltd,IPP,"District/substation anchor, not parcel coordinate",NEA LoI row geocoded to named district or substation anchor with jitter for display,low-medium,"NEA Notice of Intent to Award Solar Projects, Nov 11 2024 corrected Nov 12 2024",nea-solar-loi-2024,2026-05-07
nea-960mw-loi-02,nea_960mw_loi_02,Sangutar solar award,,planned,loi-awarded,FALSE,5,5,5,,Ramechhap,,Sangutar,,,,Annapurna Clean Energy Pvt Ltd,IPP,"District/substation anchor, not parcel coordinate",NEA LoI row geocoded to named district or substation anchor with jitter for display,low-medium,"NEA Notice of Intent to Award Solar Projects, Nov 11 2024 corrected Nov 12 2024",nea-solar-loi-2024,2026-05-07
nea-960mw-loi-03,nea_960mw_loi_03,Aurahi solar award,,planned,loi-awarded,FALSE,5,5,5.21,,Mahottari,,Aurahi,,,,Sun Light Renewable Energy Private Limited,IPP,"District/substation anchor, not parcel coordinate",NEA LoI row geocoded to named district or substation anchor with jitter for display,low-medium,"NEA Notice of Intent to Award Solar Projects, Nov 11 2024 corrected Nov 12 2024",nea-solar-loi-2024,2026-05-07
khungri-solar-hybrid-50mw,nea_960mw_loi_04,Khungri solar award,,planned,loi-awarded,FALSE,50,50,5.21,,Rolpa,,Khungri,,,,Rapti Urja Pvt. Ltd.,IPP,"District/substation anchor, not parcel coordinate",NEA LoI row geocoded to named district or substation anchor with jitter for display,low-medium,"NEA Notice of Intent to Award Solar Projects, Nov 11 2024 corrected Nov 12 2024",nea-solar-loi-2024,2026-05-07
nea-960mw-loi-05,nea_960mw_loi_05,Bardibas solar award,,planned,loi-awarded,FALSE,9.5,9.5,5.24,,Mahottari,,Bardibas,,,,Kushal Projects Nepal Pvt. Ltd.,IPP,"District/substation anchor, not parcel coordinate",NEA LoI row geocoded to named district or substation anchor with jitter for display,low-medium,"NEA Notice of Intent to Award Solar Projects, Nov 11 2024 corrected Nov 12 2024",nea-solar-loi-2024,2026-05-07
nea-960mw-loi-06,nea_960mw_loi_06,Maulapur solar award,,planned,loi-awarded,FALSE,4.5,4.5,5.27,,Rautahat,,Maulapur,,,,Sun Light Renewable Energy Private Limited,IPP,"District/substation anchor, not parcel coordinate",NEA LoI row geocoded to named district or substation anchor with jitter for display,low-medium,"NEA Notice of Intent to Award Solar Projects, Nov 11 2024 corrected Nov 12 2024",nea-solar-loi-2024,2026-05-07
nea-960mw-loi-07,nea_960mw_loi_07,Pokhariya solar award,,planned,loi-awarded,FALSE,10,10,5.28,,Parsa,,Pokhariya,,,,Methi Solar JV,IPP,"District/substation anchor, not parcel coordinate",NEA LoI row geocoded to named district or substation anchor with jitter for display,low-medium,"NEA Notice of Intent to Award Solar Projects, Nov 11 2024 corrected Nov 12 2024",nea-solar-loi-2024,2026-05-07
nea-960mw-loi-08,nea_960mw_loi_08,Gadhawa solar award,,planned,loi-awarded,FALSE,1,1,5.3,,Dang,,Gadhawa,,,,J.B.N. Surya Urja Private Limited,IPP,"District/substation anchor, not parcel coordinate",NEA LoI row geocoded to named district or substation anchor with jitter for display,low-medium,"NEA Notice of Intent to Award Solar Projects, Nov 11 2024 corrected Nov 12 2024",nea-solar-loi-2024,2026-05-07
nea-960mw-loi-09,nea_960mw_loi_09,Manpur solar award,,planned,loi-awarded,FALSE,5,5,5.31,,Rautahat,,Manpur,,,,Sun Light Renewable Energy Private Limited,IPP,"District/substation anchor, not parcel coordinate",NEA LoI row geocoded to named district or substation anchor with jitter for display,low-medium,"NEA Notice of Intent to Award Solar Projects, Nov 11 2024 corrected Nov 12 2024",nea-solar-loi-2024,2026-05-07
nea-960mw-loi-10,nea_960mw_loi_10,Palpa/Batasa solar award,,planned,loi-awarded,FALSE,10,10,5.37,,Palpa,,Palpa/Batasa,,,,Bhusal Investment Pvt Ltd,IPP,"District/substation anchor, not parcel coordinate",NEA LoI row geocoded to named district or substation anchor with jitter for display,low-medium,"NEA Notice of Intent to Award Solar Projects, Nov 11 2024 corrected Nov 12 2024",nea-solar-loi-2024,2026-05-07
nea-960mw-loi-11,nea_960mw_loi_11,Dhangadhi solar award,,planned,loi-awarded,FALSE,15,15,5.38,,Kailali,,Dhangadhi,,,,Golyan Power - Pure Energy JV,IPP,"District/substation anchor, not parcel coordinate",NEA LoI row geocoded to named district or substation anchor with jitter for display,low-medium,"NEA Notice of Intent to Award Solar Projects, Nov 11 2024 corrected Nov 12 2024",nea-solar-loi-2024,2026-05-07
nea-960mw-loi-12,nea_960mw_loi_12,Kolabhi solar award,,planned,loi-awarded,FALSE,10,10,5.38,,Bara,,Kolabhi,,,,Methi Solar JV,IPP,"District/substation anchor, not parcel coordinate",NEA LoI row geocoded to named district or substation anchor with jitter for display,low-medium,"NEA Notice of Intent to Award Solar Projects, Nov 11 2024 corrected Nov 12 2024",nea-solar-loi-2024,2026-05-07
nea-960mw-loi-13,nea_960mw_loi_13,New Nepalgunj solar award,,planned,loi-awarded,FALSE,30,30,5.38,,Banke,,New Nepalgunj,,,,Golyan Power - Pure Energy JV,IPP,"District/substation anchor, not parcel coordinate",NEA LoI row geocoded to named district or substation anchor with jitter for display,low-medium,"NEA Notice of Intent to Award Solar Projects, Nov 11 2024 corrected Nov 12 2024",nea-solar-loi-2024,2026-05-07
nea-960mw-loi-14,nea_960mw_loi_14,Dhalkebar solar award,,planned,loi-awarded,FALSE,30,30,5.39,,Dhanusha,,Dhalkebar,,,,Asian Hydropower Ltd,IPP,"District/substation anchor, not parcel coordinate",NEA LoI row geocoded to named district or substation anchor with jitter for display,low-medium,"NEA Notice of Intent to Award Solar Projects, Nov 11 2024 corrected Nov 12 2024",nea-solar-loi-2024,2026-05-07
nea-960mw-loi-15,nea_960mw_loi_15,Sunawal solar award,,planned,loi-awarded,FALSE,50,50,5.39,,Nawalparasi,,Sunawal,,,,Gogreen Energy Pvt. Ltd.,IPP,"District/substation anchor, not parcel coordinate",NEA LoI row geocoded to named district or substation anchor with jitter for display,low-medium,"NEA Notice of Intent to Award Solar Projects, Nov 11 2024 corrected Nov 12 2024",nea-solar-loi-2024,2026-05-07
nea-960mw-loi-16,nea_960mw_loi_16,Dhalkebar solar award,,planned,loi-awarded,FALSE,20,20,5.4,,Dhanusha,,Dhalkebar,,,,Terra Sol Energy Company Private Limited,IPP,"District/substation anchor, not parcel coordinate",NEA LoI row geocoded to named district or substation anchor with jitter for display,low-medium,"NEA Notice of Intent to Award Solar Projects, Nov 11 2024 corrected Nov 12 2024",nea-solar-loi-2024,2026-05-07
nea-960mw-loi-17,nea_960mw_loi_17,Kushaha solar award,,planned,loi-awarded,FALSE,50,50,5.4,,Sunsari,,Kushaha,,,,Solaeris Energy Private Limited,IPP,"District/substation anchor, not parcel coordinate",NEA LoI row geocoded to named district or substation anchor with jitter for display,low-medium,"NEA Notice of Intent to Award Solar Projects, Nov 11 2024 corrected Nov 12 2024",nea-solar-loi-2024,2026-05-07
nea-960mw-loi-18,nea_960mw_loi_18,Syaule solar award,,planned,loi-awarded,FALSE,10,10,5.4,,Dadeldhura,,Syaule,,,,TDR-Natural Energy-Nature Energy,IPP,"District/substation anchor, not parcel coordinate",NEA LoI row geocoded to named district or substation anchor with jitter for display,low-medium,"NEA Notice of Intent to Award Solar Projects, Nov 11 2024 corrected Nov 12 2024",nea-solar-loi-2024,2026-05-07
nea-960mw-loi-19,nea_960mw_loi_19,Aurahi solar award,,planned,loi-awarded,FALSE,5,5,5.41,,Mahottari,,Aurahi,,,,Eco Global Power Development Private Limited,IPP,"District/substation anchor, not parcel coordinate",NEA LoI row geocoded to named district or substation anchor with jitter for display,low-medium,"NEA Notice of Intent to Award Solar Projects, Nov 11 2024 corrected Nov 12 2024",nea-solar-loi-2024,2026-05-07
nea-960mw-loi-20,nea_960mw_loi_20,Birendrabazzar solar award,,planned,loi-awarded,FALSE,9.5,9.5,5.41,,Dhanusha,,Birendrabazzar,,,,Eco Global Power Development Private Limited,IPP,"District/substation anchor, not parcel coordinate",NEA LoI row geocoded to named district or substation anchor with jitter for display,low-medium,"NEA Notice of Intent to Award Solar Projects, Nov 11 2024 corrected Nov 12 2024",nea-solar-loi-2024,2026-05-07
nea-960mw-loi-21,nea_960mw_loi_21,Dhanusha Dham solar award,,planned,loi-awarded,FALSE,9.5,9.5,5.41,,Dhanusha,,Dhanusha Dham,,,,Eco Global Power Development Private Limited,IPP,"District/substation anchor, not parcel coordinate",NEA LoI row geocoded to named district or substation anchor with jitter for display,low-medium,"NEA Notice of Intent to Award Solar Projects, Nov 11 2024 corrected Nov 12 2024",nea-solar-loi-2024,2026-05-07
nea-960mw-loi-22,nea_960mw_loi_22,Bhurigaon solar award,,planned,loi-awarded,FALSE,25,25,5.42,,Bardiya,,Bhurigaon,,,,Golyan Power - Pure Energy JV,IPP,"District/substation anchor, not parcel coordinate",NEA LoI row geocoded to named district or substation anchor with jitter for display,low-medium,"NEA Notice of Intent to Award Solar Projects, Nov 11 2024 corrected Nov 12 2024",nea-solar-loi-2024,2026-05-07
nea-960mw-loi-23,nea_960mw_loi_23,Chanauta solar award,,planned,loi-awarded,FALSE,10,10,5.42,,Kapilvastu,,Chanauta,,,,Positive Energy Pvt. Ltd.,IPP,"District/substation anchor, not parcel coordinate",NEA LoI row geocoded to named district or substation anchor with jitter for display,low-medium,"NEA Notice of Intent to Award Solar Projects, Nov 11 2024 corrected Nov 12 2024",nea-solar-loi-2024,2026-05-07
nea-960mw-loi-24,nea_960mw_loi_24,Chanauta solar award,,planned,loi-awarded,FALSE,10,10,5.42,,Kapilvastu,,Chanauta,,,,Positive Energy Pvt. Ltd.,IPP,"District/substation anchor, not parcel coordinate",NEA LoI row geocoded to named district or substation anchor with jitter for display,low-medium,"NEA Notice of Intent to Award Solar Projects, Nov 11 2024 corrected Nov 12 2024",nea-solar-loi-2024,2026-05-07
nea-960mw-loi-25,nea_960mw_loi_25,Lahan solar award,,planned,loi-awarded,FALSE,10,10,5.42,,Siraha,,Lahan,,,,Helio Spark Energy Private Limited,IPP,"District/substation anchor, not parcel coordinate",NEA LoI row geocoded to named district or substation anchor with jitter for display,low-medium,"NEA Notice of Intent to Award Solar Projects, Nov 11 2024 corrected Nov 12 2024",nea-solar-loi-2024,2026-05-07
nea-960mw-loi-26,nea_960mw_loi_26,Nawalpur solar award,,planned,loi-awarded,FALSE,10,10,5.42,,Sarlahi,,Nawalpur,,,,Helio Spark Energy Private Limited,IPP,"District/substation anchor, not parcel coordinate",NEA LoI row geocoded to named district or substation anchor with jitter for display,low-medium,"NEA Notice of Intent to Award Solar Projects, Nov 11 2024 corrected Nov 12 2024",nea-solar-loi-2024,2026-05-07
nea-960mw-loi-27,nea_960mw_loi_27,New Butwal solar award,,planned,loi-awarded,FALSE,15,15,5.42,,Nawalparasi,,New Butwal,,,,Golyan Power - Pure Energy JV,IPP,"District/substation anchor, not parcel coordinate",NEA LoI row geocoded to named district or substation anchor with jitter for display,low-medium,"NEA Notice of Intent to Award Solar Projects, Nov 11 2024 corrected Nov 12 2024",nea-solar-loi-2024,2026-05-07
nea-960mw-loi-28,nea_960mw_loi_28,Lamahi solar award,,planned,loi-awarded,FALSE,30,30,5.44,,Dang,,Lamahi,,,,Gogreen Energy Pvt. Ltd.,IPP,"District/substation anchor, not parcel coordinate",NEA LoI row geocoded to named district or substation anchor with jitter for display,low-medium,"NEA Notice of Intent to Award Solar Projects, Nov 11 2024 corrected Nov 12 2024",nea-solar-loi-2024,2026-05-07
nea-960mw-loi-29,nea_960mw_loi_29,Nawalpur solar award,,planned,loi-awarded,FALSE,10,10,5.45,,Sarlahi,,Nawalpur,,,,Eco Gham Power Company Pvt. Ltd.,IPP,"District/substation anchor, not parcel coordinate",NEA LoI row geocoded to named district or substation anchor with jitter for display,low-medium,"NEA Notice of Intent to Award Solar Projects, Nov 11 2024 corrected Nov 12 2024",nea-solar-loi-2024,2026-05-07
nea-960mw-loi-30,nea_960mw_loi_30,Haripur solar award,,planned,loi-awarded,FALSE,10,10,5.47,,Sarlahi,,Haripur,,,,Asian Hydropower Ltd,IPP,"District/substation anchor, not parcel coordinate",NEA LoI row geocoded to named district or substation anchor with jitter for display,low-medium,"NEA Notice of Intent to Award Solar Projects, Nov 11 2024 corrected Nov 12 2024",nea-solar-loi-2024,2026-05-07
nea-960mw-loi-31,nea_960mw_loi_31,Gandak solar award,,planned,loi-awarded,FALSE,25,25,5.49,,Nawalparasi,,Gandak,,,,Mountain-Dordi Consortium,IPP,"District/substation anchor, not parcel coordinate",NEA LoI row geocoded to named district or substation anchor with jitter for display,low-medium,"NEA Notice of Intent to Award Solar Projects, Nov 11 2024 corrected Nov 12 2024",nea-solar-loi-2024,2026-05-07
nea-960mw-loi-32,nea_960mw_loi_32,Barju solar award,,planned,loi-awarded,FALSE,20,20,5.49,,Sunsari,,Barju,,,,Pashupati Energy Pvt. Ltd.,IPP,"District/substation anchor, not parcel coordinate",NEA LoI row geocoded to named district or substation anchor with jitter for display,low-medium,"NEA Notice of Intent to Award Solar Projects, Nov 11 2024 corrected Nov 12 2024",nea-solar-loi-2024,2026-05-07
nea-960mw-loi-33,nea_960mw_loi_33,Markichowk solar award,,planned,loi-awarded,FALSE,20,20,5.49,,Tanahu,,Markichowk,,,,GEPPERT-RAPTI Consortium,IPP,"District/substation anchor, not parcel coordinate",NEA LoI row geocoded to named district or substation anchor with jitter for display,low-medium,"NEA Notice of Intent to Award Solar Projects, Nov 11 2024 corrected Nov 12 2024",nea-solar-loi-2024,2026-05-07
nea-960mw-loi-34,nea_960mw_loi_34,Paudi solar award,,planned,loi-awarded,FALSE,20,20,5.49,,Gulmi,,Paudi,,,,GEPPERT-RAPTI Consortium,IPP,"District/substation anchor, not parcel coordinate",NEA LoI row geocoded to named district or substation anchor with jitter for display,low-medium,"NEA Notice of Intent to Award Solar Projects, Nov 11 2024 corrected Nov 12 2024",nea-solar-loi-2024,2026-05-07
nea-960mw-loi-35,nea_960mw_loi_35,Sandikharka solar award,,planned,loi-awarded,FALSE,20,20,5.49,,Arghakhanchi,,Sandikharka,,,,GEPPERT-RAPTI Consortium,IPP,"District/substation anchor, not parcel coordinate",NEA LoI row geocoded to named district or substation anchor with jitter for display,low-medium,"NEA Notice of Intent to Award Solar Projects, Nov 11 2024 corrected Nov 12 2024",nea-solar-loi-2024,2026-05-07
nea-960mw-loi-36,nea_960mw_loi_36,Burtibang solar award,,planned,loi-awarded,FALSE,20,20,5.49,,Baglung,,Burtibang,,,,Mountain-Dordi Consortium,IPP,"District/substation anchor, not parcel coordinate",NEA LoI row geocoded to named district or substation anchor with jitter for display,low-medium,"NEA Notice of Intent to Award Solar Projects, Nov 11 2024 corrected Nov 12 2024",nea-solar-loi-2024,2026-05-07
nea-960mw-loi-37,nea_960mw_loi_37,Kushma solar award,,planned,loi-awarded,FALSE,20,20,5.49,,Parbat,,Kushma,,,,Mountain-Dordi Consortium,IPP,"District/substation anchor, not parcel coordinate",NEA LoI row geocoded to named district or substation anchor with jitter for display,low-medium,"NEA Notice of Intent to Award Solar Projects, Nov 11 2024 corrected Nov 12 2024",nea-solar-loi-2024,2026-05-07
nea-960mw-loi-38,nea_960mw_loi_38,Sitalpati solar award,,planned,loi-awarded,FALSE,10,10,5.49,,Sankhuwasabha,,Sitalpati,,,,Himalayan Solar Power Pvt. Ltd.,IPP,"District/substation anchor, not parcel coordinate",NEA LoI row geocoded to named district or substation anchor with jitter for display,low-medium,"NEA Notice of Intent to Award Solar Projects, Nov 11 2024 corrected Nov 12 2024",nea-solar-loi-2024,2026-05-07
nea-960mw-loi-39,nea_960mw_loi_39,Chanauta solar award,,planned,loi-awarded,FALSE,10,10,5.49,,Kapilvastu,,Chanauta,,,,GEPPERT-RAPTI Consortium,IPP,"District/substation anchor, not parcel coordinate",NEA LoI row geocoded to named district or substation anchor with jitter for display,low-medium,"NEA Notice of Intent to Award Solar Projects, Nov 11 2024 corrected Nov 12 2024",nea-solar-loi-2024,2026-05-07
nea-960mw-loi-40,nea_960mw_loi_40,Gulariya solar award,,planned,loi-awarded,FALSE,10,10,5.49,,Bardiya,,Gulariya,,,,GEPPERT-RAPTI Consortium,IPP,"District/substation anchor, not parcel coordinate",NEA LoI row geocoded to named district or substation anchor with jitter for display,low-medium,"NEA Notice of Intent to Award Solar Projects, Nov 11 2024 corrected Nov 12 2024",nea-solar-loi-2024,2026-05-07
nea-960mw-loi-41,nea_960mw_loi_41,Hapure solar award,,planned,loi-awarded,FALSE,10,10,5.49,,Dang,,Hapure,,,,GEPPERT-RAPTI Consortium,IPP,"District/substation anchor, not parcel coordinate",NEA LoI row geocoded to named district or substation anchor with jitter for display,low-medium,"NEA Notice of Intent to Award Solar Projects, Nov 11 2024 corrected Nov 12 2024",nea-solar-loi-2024,2026-05-07
nea-960mw-loi-42,nea_960mw_loi_42,Machhagad solar award,,planned,loi-awarded,FALSE,10,10,5.49,,Bardiya,,Machhagad,,,,GEPPERT-RAPTI Consortium,IPP,"District/substation anchor, not parcel coordinate",NEA LoI row geocoded to named district or substation anchor with jitter for display,low-medium,"NEA Notice of Intent to Award Solar Projects, Nov 11 2024 corrected Nov 12 2024",nea-solar-loi-2024,2026-05-07
nea-960mw-loi-43,nea_960mw_loi_43,New Nepalgunj solar award,,planned,loi-awarded,FALSE,10,10,5.49,,Banke,,New Nepalgunj,,,,GEPPERT-RAPTI Consortium,IPP,"District/substation anchor, not parcel coordinate",NEA LoI row geocoded to named district or substation anchor with jitter for display,low-medium,"NEA Notice of Intent to Award Solar Projects, Nov 11 2024 corrected Nov 12 2024",nea-solar-loi-2024,2026-05-07
nea-960mw-loi-44,nea_960mw_loi_44,Taulihawa solar award,,planned,loi-awarded,FALSE,10,10,5.49,,Kapilvastu,,Taulihawa,,,,GEPPERT-RAPTI Consortium,IPP,"District/substation anchor, not parcel coordinate",NEA LoI row geocoded to named district or substation anchor with jitter for display,low-medium,"NEA Notice of Intent to Award Solar Projects, Nov 11 2024 corrected Nov 12 2024",nea-solar-loi-2024,2026-05-07
nea-960mw-loi-45,nea_960mw_loi_45,Gorusinge solar award,,planned,loi-awarded,FALSE,10,10,5.49,,Kapilvastu,,Gorusinge,,,,Mountain-Dordi Consortium,IPP,"District/substation anchor, not parcel coordinate",NEA LoI row geocoded to named district or substation anchor with jitter for display,low-medium,"NEA Notice of Intent to Award Solar Projects, Nov 11 2024 corrected Nov 12 2024",nea-solar-loi-2024,2026-05-07
nea-960mw-loi-46,nea_960mw_loi_46,Krishnanagar solar award,,planned,loi-awarded,FALSE,10,10,5.49,,Kapilvastu,,Krishnanagar,,,,Mountain-Dordi Consortium,IPP,"District/substation anchor, not parcel coordinate",NEA LoI row geocoded to named district or substation anchor with jitter for display,low-medium,"NEA Notice of Intent to Award Solar Projects, Nov 11 2024 corrected Nov 12 2024",nea-solar-loi-2024,2026-05-07
nea-960mw-loi-47,nea_960mw_loi_47,Kusum solar award,,planned,loi-awarded,FALSE,10,10,5.49,,Banke,,Kusum,,,,Mountain-Dordi Consortium,IPP,"District/substation anchor, not parcel coordinate",NEA LoI row geocoded to named district or substation anchor with jitter for display,low-medium,"NEA Notice of Intent to Award Solar Projects, Nov 11 2024 corrected Nov 12 2024",nea-solar-loi-2024,2026-05-07
nea-960mw-loi-48,nea_960mw_loi_48,Mainapokhar solar award,,planned,loi-awarded,FALSE,10,10,5.49,,Bardiya,,Mainapokhar,,,,Mountain-Dordi Consortium,IPP,"District/substation anchor, not parcel coordinate",NEA LoI row geocoded to named district or substation anchor with jitter for display,low-medium,"NEA Notice of Intent to Award Solar Projects, Nov 11 2024 corrected Nov 12 2024",nea-solar-loi-2024,2026-05-07
nea-960mw-loi-49,nea_960mw_loi_49,Maharajgunj solar award,,planned,loi-awarded,FALSE,5,5,5.49,,Kapilvastu,,Maharajgunj,,,,GEPPERT-RAPTI Consortium,IPP,"District/substation anchor, not parcel coordinate",NEA LoI row geocoded to named district or substation anchor with jitter for display,low-medium,"NEA Notice of Intent to Award Solar Projects, Nov 11 2024 corrected Nov 12 2024",nea-solar-loi-2024,2026-05-07
nea-960mw-loi-50,nea_960mw_loi_50,Mainahiya solar award,,planned,loi-awarded,FALSE,40,40,5.5,,Rupandehi,,Mainahiya,,,,Solar Farm Ltd.,IPP,"District/substation anchor, not parcel coordinate",NEA LoI row geocoded to named district or substation anchor with jitter for display,low-medium,"NEA Notice of Intent to Award Solar Projects, Nov 11 2024 corrected Nov 12 2024",nea-solar-loi-2024,2026-05-07
nea-960mw-loi-51,nea_960mw_loi_51,Motipur solar award,,planned,loi-awarded,FALSE,30,30,5.5,,Kapilvastu,,Motipur,,,,Solar Farm Ltd.,IPP,"District/substation anchor, not parcel coordinate",NEA LoI row geocoded to named district or substation anchor with jitter for display,low-medium,"NEA Notice of Intent to Award Solar Projects, Nov 11 2024 corrected Nov 12 2024",nea-solar-loi-2024,2026-05-07
nea-960mw-loi-52,nea_960mw_loi_52,Motipur solar award Block 2,,planned,loi-awarded,FALSE,20,20,5.5,,Kapilvastu,,Motipur,,,,Solar Farm Ltd.,IPP,"District/substation anchor, not parcel coordinate",NEA LoI row geocoded to named district or substation anchor with jitter for display,low-medium,"NEA Notice of Intent to Award Solar Projects, Nov 11 2024 corrected Nov 12 2024",nea-solar-loi-2024,2026-05-07
nea-960mw-loi-53,nea_960mw_loi_53,Barju solar award,,planned,loi-awarded,FALSE,25,25,5.51,,Sunsari,,Barju,,,,Anand Solar Pvt. Ltd.,IPP,"District/substation anchor, not parcel coordinate",NEA LoI row geocoded to named district or substation anchor with jitter for display,low-medium,"NEA Notice of Intent to Award Solar Projects, Nov 11 2024 corrected Nov 12 2024",nea-solar-loi-2024,2026-05-07
nea-960mw-loi-54,nea_960mw_loi_54,Mukundapur solar award,,planned,loi-awarded,FALSE,10,10,5.51,,Nawalpur,,Mukundapur,,,,Kalika Sun Light Power Pvt Ltd.,IPP,"District/substation anchor, not parcel coordinate",NEA LoI row geocoded to named district or substation anchor with jitter for display,low-medium,"NEA Notice of Intent to Award Solar Projects, Nov 11 2024 corrected Nov 12 2024",nea-solar-loi-2024,2026-05-07
nea-960mw-loi-55,nea_960mw_loi_55,New Nepalgunj solar award,,planned,loi-awarded,FALSE,5,5,5.51,,Banke,,New Nepalgunj,,,,Kalika Sun Power Pvt. Ltd.,IPP,"District/substation anchor, not parcel coordinate",NEA LoI row geocoded to named district or substation anchor with jitter for display,low-medium,"NEA Notice of Intent to Award Solar Projects, Nov 11 2024 corrected Nov 12 2024",nea-solar-loi-2024,2026-05-07
nea-960mw-loi-56,nea_960mw_loi_56,Parasi solar award,,planned,loi-awarded,FALSE,15,15,5.51,,Nawalparasi,,Parasi,,,,Golyan Power - Pure Energy JV,IPP,"District/substation anchor, not parcel coordinate",NEA LoI row geocoded to named district or substation anchor with jitter for display,low-medium,"NEA Notice of Intent to Award Solar Projects, Nov 11 2024 corrected Nov 12 2024",nea-solar-loi-2024,2026-05-07
nea-960mw-loi-57,nea_960mw_loi_57,Baniyani solar award,,planned,loi-awarded,FALSE,9.5,9.5,5.52,,Jhapa,,Baniyani,,,,Eco sun power development Pvt. Ltd.,IPP,"District/substation anchor, not parcel coordinate",NEA LoI row geocoded to named district or substation anchor with jitter for display,low-medium,"NEA Notice of Intent to Award Solar Projects, Nov 11 2024 corrected Nov 12 2024",nea-solar-loi-2024,2026-05-07
nea-960mw-loi-58,nea_960mw_loi_58,Belauri solar award,,planned,loi-awarded,FALSE,9,9,5.52,,Kanchanpur,,Belauri,,,,Eco sun power development Pvt. Ltd.,IPP,"District/substation anchor, not parcel coordinate",NEA LoI row geocoded to named district or substation anchor with jitter for display,low-medium,"NEA Notice of Intent to Award Solar Projects, Nov 11 2024 corrected Nov 12 2024",nea-solar-loi-2024,2026-05-07
nea-960mw-loi-59,nea_960mw_loi_59,Dhulabari solar award,,planned,loi-awarded,FALSE,9.5,9.5,5.52,,Jhapa,,Dhulabari,,,,Eco sun power development Pvt. Ltd.,IPP,"District/substation anchor, not parcel coordinate",NEA LoI row geocoded to named district or substation anchor with jitter for display,low-medium,"NEA Notice of Intent to Award Solar Projects, Nov 11 2024 corrected Nov 12 2024",nea-solar-loi-2024,2026-05-07
nea-960mw-loi-60,nea_960mw_loi_60,Lahan solar award,,planned,loi-awarded,FALSE,10,10,5.52,,Siraha,,Lahan,,,,Eco sun power development Pvt. Ltd.,IPP,"District/substation anchor, not parcel coordinate",NEA LoI row geocoded to named district or substation anchor with jitter for display,low-medium,"NEA Notice of Intent to Award Solar Projects, Nov 11 2024 corrected Nov 12 2024",nea-solar-loi-2024,2026-05-07
nea-960mw-loi-61,nea_960mw_loi_61,Chandrapur solar award,,planned,loi-awarded,FALSE,10,10,5.53,,Rautahat,,Chandrapur,,,,Baidehi Energy Pvt. Ltd.,IPP,"District/substation anchor, not parcel coordinate",NEA LoI row geocoded to named district or substation anchor with jitter for display,low-medium,"NEA Notice of Intent to Award Solar Projects, Nov 11 2024 corrected Nov 12 2024",nea-solar-loi-2024,2026-05-07
nea-960mw-loi-62,nea_960mw_loi_62,Loharpatti solar award,,planned,loi-awarded,FALSE,20,20,5.54,,Mahottari,,Loharpatti,,,,Kantipur Energy Investment and Construction Pvt Ltd,IPP,"District/substation anchor, not parcel coordinate",NEA LoI row geocoded to named district or substation anchor with jitter for display,low-medium,"NEA Notice of Intent to Award Solar Projects, Nov 11 2024 corrected Nov 12 2024",nea-solar-loi-2024,2026-05-07
nea-960mw-loi-63,nea_960mw_loi_63,Simaraungadh solar award,,planned,loi-awarded,FALSE,8,8,5.54,,Bara,,Simaraungadh,,,,Methi Solar JV,IPP,"District/substation anchor, not parcel coordinate",NEA LoI row geocoded to named district or substation anchor with jitter for display,low-medium,"NEA Notice of Intent to Award Solar Projects, Nov 11 2024 corrected Nov 12 2024",nea-solar-loi-2024,2026-05-07
